{
    "metadata": {
        "Name": "Amazon Reviews Corpus",
        "Volume": 196745.0,
        "Unit": "sentences",
        "License": "unknown",
        "Link": "https://registry.opendata.aws/amazon-reviews-ml/",
        "HF_Link": "",
        "Year": 2019,
        "Domain": [
            "wikipedia",
            "other"
        ],
        "Form": "text",
        "Collection_Style": [
            "crawling",
            "manual curation"
        ],
        "Description": "A large-scale collection of Amazon reviews for multilingual text classification.",
        "Ethical_Risks": "Medium",
        "Provider": [
            "Amazon"
        ],
        "Derived_From": [
            "Amazon",
            "Yelp Inc."
        ],
        "Paper_Title": "The Multilingual Amazon Reviews Corpus",
        "Paper_Link": "https://arxiv.org/pdf/2504.21677",
        "Tokenized": false,
        "Host": "HuggingFace",
        "Access": "Free",
        "Cost": "",
        "Test_Split": true,
        "Tasks": [
            "language modeling",
            "text generation",
            "other"
        ],
        "Venue_Title": "arXiv",
        "Venue_Type": "preprint",
        "Venue_Name": "",
        "Authors": [
            "Phillip Keung",
            "Yichao Lu",
            "Gyou00b4rgy Szarvas",
            "Noah A. Smith"
        ],
        "Affiliations": [
            "Amazon",
            "University of Washington",
            "Allen Institute for AI"
        ],
        "Abstract": "We present the Multilingual Amazon Reviews Corpus (MARC), a large-scale collection of Amazon reviews for multilingual text classification. The corpus contains reviews in English, Japanese, German, French, Spanish, and Chinese, which were collected between 2015 and 2019. Each record in the dataset contains the review text, the review title, the star rating, an anonymized reviewer ID, an anonymized product ID, and the coarse-grained product category (e.g., u2018booksu2019, u2018appliancesu2019, etc.). The corpus is balanced across the 5 possible star classification performance in one language can be transferred to the same task in another, with-out target language supervision, as long as the encoder was pretrained on a machine translation task. In addition, contextual embeddings have shown unexpected cross-lingual behavior in classification, NER, and dependency parsing tasks (Wu and Dredze, 2019; Keung et al., 2019; Conneau et al., 2019).",
        "Subsets": [],
        "Language": [
            "English",
            "Japanese",
            "German",
            "French",
            "Spanish",
            "Chinese"
        ]
    },
    "validation": {
        "precision": 0.5805497784009777,
        "recall": 0.6169155788990066,
        "f1": 0.5981804825309979,
        "length": 0.9666666666666667
    },
    "cost": {
        "cost": 0,
        "input_tokens": 0,
        "output_tokens": 0
    },
    "config": {
        "model_name": "gemma-3-4b-it-sft-16384v2",
        "few_shot": 0,
        "link": "https://arxiv.org/pdf/2010.02573",
        "schema_name": "multi",
        "context": "all",
        "format": "pdf_plumber",
        "max_model_len": 16384,
        "max_output_len": 2048,
        "browse_web": false,
        "backend": "vllm"
    },
    "error": null
}