{
    "metadata": {
        "Name": "Multilingual Amazon Reviews Corpus",
        "Volume": 0.0,
        "Unit": "sentences",
        "License": "",
        "Link": "",
        "HF_Link": "",
        "Year": 2025,
        "Domain": [
            "reviews"
        ],
        "Form": "text",
        "Collection_Style": [],
        "Description": "A large-scale collection of Amazon reviews for multilingual text classification.",
        "Ethical_Risks": "",
        "Provider": [],
        "Derived_From": [],
        "Paper_Title": "The Multilingual Amazon Reviews Corpus",
        "Paper_Link": "",
        "Tokenized": false,
        "Host": "",
        "Access": "",
        "Cost": "",
        "Test_Split": true,
        "Tasks": [
            "sentiment analysis",
            "cross-lingual information retrieval"
        ],
        "Venue_Title": "",
        "Venue_Type": "",
        "Venue_Name": "",
        "Authors": [
            "Phillip Keung",
            "Yichao Lu",
            "Gy\u00f6rgy Szarvas",
            "Noah A. Smith"
        ],
        "Affiliations": [
            "Amazon",
            "University of Washington",
            "Allen Institute for AI"
        ],
        "Abstract": "We present the Multilingual Amazon Reviews Corpus (MARC), a large-scale collection of Amazon reviews for multilingual text classification. The corpus contains reviews in English, Japanese, German, French, Spanish, and Chinese, which were collected between 2015 and 2019. Each record in the dataset contains the review text, the review title, the star rating, an anonymized reviewer ID, an anonymized product ID, and the coarse-grained product category.",
        "Subsets": [
            {
                "Name": "Training",
                "Volume": 200000,
                "Unit": "reviews",
                "Language": [
                    "English"
                ]
            },
            {
                "Name": "Development",
                "Volume": 5000,
                "Unit": "reviews",
                "Language": [
                    "English"
                ]
            },
            {
                "Name": "Test",
                "Volume": 5000,
                "Unit": "reviews",
                "Language": [
                    "English"
                ]
            }
        ],
        "Language": [
            "English",
            "Japanese",
            "German",
            "French",
            "Spanish",
            "Chinese"
        ]
    },
    "validation": {
        "precision": 0.44433946499258237,
        "recall": 0.4760779982063382,
        "f1": 0.4596615155095679,
        "length": 0.9333333333333333
    },
    "cost": {
        "cost": 0,
        "input_tokens": 0,
        "output_tokens": 0
    },
    "config": {
        "model_name": "NuExtract-2.0-4B",
        "few_shot": 0,
        "link": "https://arxiv.org/pdf/2010.02573",
        "schema_name": "multi",
        "context": "all",
        "format": "pdf_plumber",
        "max_model_len": 8912,
        "max_output_len": 2048,
        "browse_web": false,
        "backend": "vllm"
    },
    "error": null
}