{
    "metadata": {
        "Name": "Amazon Reviews Corpus",
        "Volume": 200000.0,
        "Unit": "reviews",
        "License": "custom",
        "Link": "",
        "HF_Link": "",
        "Year": 2019,
        "Domain": [
            "reviews",
            "marketplace"
        ],
        "Form": "text",
        "Collection_Style": [
            "human annotation"
        ],
        "Description": "A large-scale collection of Amazon reviews for multilingual text classification.",
        "Ethical_Risks": "Medium",
        "Provider": [
            "Amazon"
        ],
        "Derived_From": [],
        "Paper_Title": "The Multilingual Amazon Reviews Corpus",
        "Paper_Link": "https://registry.opendata.aws/amazon-reviews-ml/",
        "Tokenized": false,
        "Host": "HuggingFace",
        "Access": "Free",
        "Cost": "",
        "Test_Split": true,
        "Tasks": [
            "machine translation",
            "sentiment analysis",
            "text classification",
            "zero-shot cross-lingual transfer"
        ],
        "Venue_Title": "",
        "Venue_Type": "",
        "Venue_Name": "",
        "Authors": [],
        "Affiliations": [],
        "Abstract": "",
        "Subsets": [],
        "Language": [
            "English",
            "Japanese",
            "German",
            "French",
            "Spanish",
            "Chinese"
        ]
    },
    "validation": {
        "precision": 0.47155931945395796,
        "recall": 0.46952784227209776,
        "f1": 0.4705413882395875,
        "length": 0.9666666666666667
    },
    "cost": {
        "cost": 0,
        "input_tokens": 0,
        "output_tokens": 0
    },
    "config": {
        "model_name": "gemma-3-4b-it",
        "few_shot": 0,
        "link": "https://arxiv.org/pdf/2010.02573",
        "schema_name": "multi",
        "context": "all",
        "format": "pdf_plumber",
        "max_model_len": 8192,
        "max_output_len": 2048,
        "browse_web": false,
        "backend": "vllm"
    },
    "error": null
}