{
    "metadata": {
        "Name": "MARC",
        "Volume": 200000.0,
        "Unit": "sentences",
        "License": "unknown",
        "Link": "https://registry.opendata.aws/amazon-reviews-ml/",
        "HF_Link": "",
        "Year": 2020,
        "Domain": [
            "reviews"
        ],
        "Form": "text",
        "Collection_Style": [
            "crawling"
        ],
        "Description": "a large-scale collection of Amazon reviews for multilingual text classification",
        "Ethical_Risks": "Low",
        "Provider": [
            "Amazon",
            "University of Washington",
            "Allen Institute for AI"
        ],
        "Derived_From": [],
        "Paper_Title": "The Multilingual Amazon Reviews Corpus",
        "Paper_Link": "",
        "Tokenized": false,
        "Host": "other",
        "Access": "Free",
        "Cost": "",
        "Test_Split": true,
        "Tasks": [
            "text generation",
            "sentiment analysis",
            "language modeling",
            "text classification"
        ],
        "Venue_Title": "",
        "Venue_Type": "preprint",
        "Venue_Name": "",
        "Authors": [
            "Phillip Keung",
            "Yichao Lu",
            "Gyo\u00a8rgy Szarvas",
            "Noah A. Smith"
        ],
        "Affiliations": [
            "Amazon",
            "University of Washington",
            "Allen Institute for AI"
        ],
        "Abstract": "We present the Multilingual Amazon Reviews Corpus (MARC), a large-scale collection of Amazon reviews for multilingual text classification. The corpus contains reviews in English, Japanese, German, French, Spanish, and Chinese, which were collected between 2015 and 2019. Each record in the dataset contains the review text, the review title, the star rating, an anonymized reviewer ID, an anonymized productID, and the coarse-grained product category (e.g., \u2018books\u2019, \u2018appliances\u2019, etc.) The corpus is balanced across the 5 possible star classification performance in one language can be transferred to the same task in another, with- out target language supervision, as long as the encoder was pretrained on a machine translation task. In addition, contextual embeddings have shown unexpected cross-lingual behavior in classification, NER, and dependency parsing tasks. AswithallotherareasinNLP,progressinmultilingualresearchreliesontheavailabilityofhigh-qualitydata. However,large-scalemultilingualtext classification datasets are surprisingly rare, and existing multilingual datasets have some notable deficiencies.",
        "Subsets": [],
        "Language": [
            "English",
            "Japanese",
            "German",
            "French",
            "Spanish",
            "Chinese"
        ]
    },
    "validation": {
        "precision": 0.6710163754517945,
        "recall": 0.7138440757391677,
        "f1": 0.6917679885049759,
        "length": 0.9666666666666667
    },
    "cost": {
        "cost": 0.0013623,
        "input_tokens": 9743,
        "output_tokens": 598
    },
    "config": {
        "model_name": "google_gemma-3-27b-it",
        "few_shot": 0,
        "link": "https://arxiv.org/pdf/2010.02573",
        "schema_name": "multi",
        "context": "all",
        "format": "pdf_plumber",
        "max_model_len": null,
        "max_output_len": null,
        "browse_web": false,
        "backend": "openrouter"
    },
    "error": null
}