{
    "metadata": {
        "Name": "MARC",
        "Volume": 200000.0,
        "Unit": "sentences",
        "License": "unknown",
        "Link": "https://registry.opendata.aws/amazon-reviews-ml/",
        "HF_Link": "",
        "Year": 2025,
        "Domain": [
            "web pages"
        ],
        "Form": "text",
        "Collection_Style": [
            "crawling"
        ],
        "Description": "A large-scale collection of Amazon reviews for multilingual text classification.",
        "Ethical_Risks": "Medium",
        "Provider": [
            "Amazon",
            "University of Washington",
            "Allen Institute for AI"
        ],
        "Derived_From": [],
        "Paper_Title": "The Multilingual Amazon Reviews Corpus",
        "Paper_Link": "",
        "Tokenized": false,
        "Host": "other",
        "Access": "Free",
        "Cost": "",
        "Test_Split": true,
        "Tasks": [
            "text classification"
        ],
        "Venue_Title": "",
        "Venue_Type": "preprint",
        "Venue_Name": "",
        "Authors": [
            "Phillip Keung",
            "Yichao Lu",
            "Gyou00a8rgy Szarvas",
            "Noah A. Smith"
        ],
        "Affiliations": [
            "Amazon",
            "University of Washington",
            "Allen Institute for AI"
        ],
        "Abstract": "We present the Multilingual Amazon Reviews Corpus (MARC), a large-scale collection of Amazon reviews for multilingual text classification. The corpus contains reviews in English, Japanese, German, French, Spanish, and Chinese, which were collected between 2015 and 2019. Each record in the dataset contains the review text, the review title, the star rating, an anonymized reviewer ID, an anonymized product ID, and the coarse-grained product category (e.g., u2018booksu2019, u2018appliancesu2019, etc.) The corpus is balanced across the 5 possible star ratings, so each rating constitutes 20% of the reviews in each language. For each language, there are 200,000, 5,000, and 5,000 reviews in the training, development, and test sets, respectively. We report baseline results for supervised text classification and zero-shot cross-lingual transfer learning by fine-tuning a multilingual BERT model on reviews data. We propose the use of mean absolute error (MAE) instead of classification accuracy for this task, since MAE accounts for the ordinal nature of the rating.",
        "Subsets": [],
        "Language": [
            "English",
            "Japanese",
            "German",
            "French",
            "Spanish",
            "Chinese"
        ]
    },
    "validation": {
        "precision": 0.6078426672448127,
        "recall": 0.6461579598031157,
        "f1": 0.6264149622840353,
        "length": 0.9666666666666667
    },
    "cost": {
        "cost": 0,
        "input_tokens": 0,
        "output_tokens": 0
    },
    "config": {
        "model_name": "gemma-3-4b-it-sft-8912",
        "few_shot": 0,
        "link": "https://arxiv.org/pdf/2010.02573",
        "schema_name": "multi",
        "context": "all",
        "format": "pdf_plumber",
        "max_model_len": 8192,
        "max_output_len": 2048,
        "browse_web": false,
        "backend": "vllm"
    },
    "error": null
}