{
    "metadata": {
        "Name": "MARC",
        "Volume": 1230000.0,
        "Unit": "sentences",
        "License": "custom",
        "Link": "https://registry.opendata.aws/amazon-reviews-ml/",
        "HF_Link": "",
        "Year": 2020,
        "Domain": [
            "reviews"
        ],
        "Form": "text",
        "Collection_Style": [
            "crawling",
            "manual curation"
        ],
        "Description": "Large-scale multilingual Amazon reviews for text classification.",
        "Ethical_Risks": "Low",
        "Provider": [
            "Amazon",
            "University of Washington",
            "Allen Institute for AI"
        ],
        "Derived_From": [],
        "Paper_Title": "The Multilingual Amazon Reviews Corpus",
        "Paper_Link": "https://arxiv.org/pdf/2004.15001",
        "Tokenized": false,
        "Host": "other",
        "Access": "Free",
        "Cost": "",
        "Test_Split": true,
        "Tasks": [
            "sentiment analysis",
            "review classification"
        ],
        "Venue_Title": "arXiv",
        "Venue_Type": "preprint",
        "Venue_Name": "",
        "Authors": [
            "Phillip Keung",
            "Yichao Lu",
            "Gy\u00f6rgy Szarvas",
            "Noah A. Smith"
        ],
        "Affiliations": [
            "Amazon",
            "University of Washington",
            "Allen Institute for AI"
        ],
        "Abstract": "We present the Multilingual Amazon Reviews Corpus (MARC), a large-scale collection of Amazon reviews for multilingual text classification. The corpus contains reviews in English, Japanese, German, French, Spanish, and Chinese, collected between 2015 and 2019. Each record includes review text, title, star rating, anonymized reviewer and product IDs, and product category. The corpus is balanced across 5-star ratings and split into 200k train, 5k dev, and 5k test reviews per language. We report baselines for supervised and zero-shot cross-lingual transfer using multilingual BERT.",
        "Subsets": [
            {
                "Name": "English",
                "Volume": 210000,
                "Unit": "sentences",
                "Language": "English"
            },
            {
                "Name": "German",
                "Volume": 210000,
                "Unit": "sentences",
                "Language": "German"
            },
            {
                "Name": "Spanish",
                "Volume": 210000,
                "Unit": "sentences",
                "Language": "Spanish"
            },
            {
                "Name": "French",
                "Volume": 210000,
                "Unit": "sentences",
                "Language": "French"
            },
            {
                "Name": "Japanese",
                "Volume": 210000,
                "Unit": "sentences",
                "Language": "Japanese"
            },
            {
                "Name": "Chinese",
                "Volume": 210000,
                "Unit": "sentences",
                "Language": "Chinese"
            }
        ],
        "Language": [
            "English",
            "German",
            "Spanish",
            "French",
            "Japanese",
            "Chinese"
        ]
    },
    "validation": {
        "precision": 0.7830913229057093,
        "recall": 0.8033121316846884,
        "f1": 0.7930728568283284,
        "length": 0.9666666666666667
    },
    "cost": {
        "cost": 0.00293936,
        "input_tokens": 9729,
        "output_tokens": 621
    },
    "config": {
        "model_name": "moonshotai/kimi-k2",
        "few_shot": 0,
        "link": "https://arxiv.org/pdf/2010.02573",
        "schema_name": "multi",
        "context": "all",
        "format": "pdf_plumber",
        "max_model_len": null,
        "max_output_len": null,
        "browse_web": false,
        "backend": "openrouter"
    },
    "error": null
}