{
    "metadata": {
        "Name": "j r j",
        "Volume": -0.46,
        "Unit": "videos",
        "License": "CC BY-NC-ND 4.0",
        "Link": "https://www.P.com",
        "HF_Link": "https://www.s.com",
        "Year": 1908,
        "Domain": [
            "social media",
            "wikipedia",
            "LLM",
            "commentary",
            "other",
            "news articles",
            "captions",
            "TV Channels",
            "reviews",
            "books",
            "web pages"
        ],
        "Form": "audio",
        "Collection_Style": [
            "crawling",
            "machine annotation",
            "other"
        ],
        "Description": "p h B L a i x i E L M V X G u D V H W K N x R P T J d D r k g M a z d w X G A",
        "Ethical_Risks": "Low",
        "Provider": [],
        "Derived_From": [],
        "Paper_Title": "s V U J r U U P L M o S i p w b W v E G W l L A X d e q X r g n r q h e q q I B z s E T Q u Y X K f U K p",
        "Paper_Link": "https://www.X.com",
        "Tokenized": true,
        "Host": "ResearchGate",
        "Access": "With-Fee",
        "Cost": "z",
        "Test_Split": false,
        "Tasks": [
            "information retrieval",
            "summarization",
            "word prediction",
            "part of speech tagging",
            "irony detection"
        ],
        "Venue_Title": "d",
        "Venue_Type": "preprint",
        "Venue_Name": "D Z G e V l",
        "Authors": [],
        "Affiliations": [],
        "Abstract": "F i B R t S r j T p c O H Q F e z i d t y E u T W Q T K W X M u m x Y d k i G C V i R b y C G B E r P P X d V X P U F y Z G T J b o R W p c q t G W j m Y n E d u K n L C q y P s c g N n O o n P t h l Z H A I c k v R b l O G g r D h d Z S o N J a G k f L F U D a f U P e m x c A y R Z A U S E G y X G L e o r e V V i H P O c J j X A l B B k k Y Z h i A k B B p m X Z s f f C d G F K B S m f b J P v r R b g c r U F t f P p D P Z c G g p c g m D c S d g J c v o u w S T t r u O J l h R R w z S z A H R T Q S g A Q C w s v Y m Z q H h A q U X g g D D J d N j R K c t a o K c D t T e n y S i m z Q I y R j D P k s t X j n f N X e U B v u f C V a U M W z O M P G N c G y u o J S T S y t e k Y i g J e H J s g Y p A c L B K Z h r B v a H i y c H K I i h S l C d K y B N E e t E j h E t O a D x R T N G e B O d e q s n d H Z F E K V w L n C K D D A m l R P C w s v a f B A o h p M a h D k b c c c H x n f Y h t Y b s C O y J K f U e p B w D k t F O J A m w V F o o m a j q z n O Y J j W q e T a s Y d j H S S Z o A N z K k e c D E a K T G F Y y V F l R s C e M C r v Y s Y d x Q k U B y F z H B k d X l L V l V S r E v k Y e Z M k T m i Q e j e G G Q b g N b d T F m x L Z z j L p N z G q B C H G j g s U w E N D f o j d a A j q U x F M W r B T S e j i m f C J m y a p i z V W h p l y D q c a g L W Y O U n v v d w o I p S d u c l I a E L f b t B g L p t F F x U o K h Q p b D w G v c H d C C B L T i y O R S n y S p o c i i P V T l U x h r c C L w Y x T V j t F p u X T m w c h Z N v y Q K v L Y O F",
        "Subsets": [],
        "Language": [
            "Greek",
            "Eastern Apur\u00edmac Quechua",
            "Italian",
            "Telugu",
            "French",
            "Swahili",
            "Chinese",
            "Hindi",
            "Indonesian",
            "Polish",
            "Thai"
        ]
    },
    "validation": {
        "precision": 0.21315126491454783,
        "recall": 0.22164757679767805,
        "f1": 0.2173164085424978,
        "length": 0.9666666666666667
    },
    "cost": {
        "cost": 0,
        "input_tokens": 0,
        "output_tokens": 0
    },
    "config": {
        "model_name": "baseline-random",
        "few_shot": 0,
        "link": "https://arxiv.org/pdf/2010.02573",
        "schema_name": "multi",
        "context": "all",
        "format": "pdf_plumber",
        "max_model_len": null,
        "max_output_len": null,
        "browse_web": false,
        "backend": "openrouter"
    },
    "error": null
}