{
    "metadata": {
        "Name": "Florence-2",
        "Num_Parameters": 771.0,
        "Unit": "Million",
        "Type": "Base",
        "Think": true,
        "Version": 2.0,
        "Models": [
            {
                "Name": "Florence-2-B",
                "Num_Parameters": 232,
                "Unit": "Million",
                "Type": "Base",
                "Think": true,
                "Version": 2.0
            },
            {
                "Name": "Florence-2-L",
                "Num_Parameters": 771,
                "Unit": "Million",
                "Type": "Base",
                "Think": true,
                "Version": 2.0
            }
        ],
        "License": "Apache-2.0",
        "Year": 2023,
        "Benchmarks": [
            "COCO",
            "Flickr30k",
            "RefCOCO",
            "RefCOCO+",
            "RefCOCOg"
        ],
        "Architecture": "Transformer",
        "Context": 1024,
        "Language": "monolingual",
        "Provider": "AzureAI",
        "Modality": "",
        "Paper_Link": "https://azure.microsoft.com/en-us/products/ai-services/"
    },
    "validation": {
        "precision": 0.5783595930118304,
        "recall": 0.616916899212619,
        "f1": 0.5970163540767282,
        "length": 0.875
    },
    "cost": {
        "cost": 0.00148684,
        "input_tokens": 33724,
        "output_tokens": 276
    },
    "config": {
        "model_name": "mistralai/ministral-3b",
        "few_shot": 0,
        "link": "https://arxiv.org/pdf/2311.06242",
        "schema_name": "model",
        "context": "all",
        "format": "pdf_plumber",
        "version": "2.0",
        "max_model_len": null,
        "max_output_len": null,
        "browse_web": false,
        "backend": "openrouter"
    },
    "error": null
}