{
    "metadata": {
        "Name": "Florence-2",
        "Num_Parameters": 0.77,
        "Unit": "Billion",
        "Type": "Base",
        "Think": false,
        "Version": 2.0,
        "Models": [
            {
                "Name": "Florence-2-B",
                "Num_Parameters": 0.23,
                "Unit": "Billion",
                "Type": "Base",
                "Think": false
            },
            {
                "Name": "Florence-2-L",
                "Num_Parameters": 0.77,
                "Unit": "Billion",
                "Type": "Base",
                "Think": false
            }
        ],
        "License": "unknown",
        "Year": 2023,
        "Benchmarks": [
            "COCO Caption",
            "NoCaps",
            "TextCaps",
            "VQAv2",
            "TextVQA",
            "VizWizVQA",
            "COCO Detection",
            "Flickr30k",
            "RefCOCO",
            "RefCOCO+",
            "RefCOCOg",
            "RefCOCO RES",
            "ADE20K"
        ],
        "Architecture": "Transformer",
        "Context": 768,
        "Language": "monolingual",
        "Provider": "Microsoft",
        "Modality": "multimodal",
        "Paper_Link": "https://arxiv.org/abs/2311.06242"
    },
    "validation": {
        "precision": 0.7275094020562771,
        "recall": 0.7699494227994229,
        "f1": 0.748128008459079,
        "length": 0.8125
    },
    "cost": {
        "cost": 0.134667,
        "input_tokens": 33724,
        "output_tokens": 320
    },
    "config": {
        "model_name": "x-ai/grok-4",
        "few_shot": 0,
        "link": "https://arxiv.org/pdf/2311.06242",
        "schema_name": "model",
        "context": "all",
        "format": "pdf_plumber",
        "version": "2.0",
        "max_model_len": null,
        "max_output_len": null,
        "browse_web": false,
        "backend": "openrouter"
    },
    "error": null
}