{
    "metadata": {
        "Name": "",
        "Num_Parameters": 0.0,
        "Unit": "",
        "Type": "",
        "Think": false,
        "Version": 0.0,
        "Models": [],
        "License": "",
        "Year": 2025,
        "Benchmarks": [],
        "Architecture": "",
        "Context": 0,
        "Language": "",
        "Provider": "",
        "Modality": "",
        "Paper_Link": ""
    },
    "validation": {
        "precision": 0.11666666666666667,
        "recall": 0.12444444444444444,
        "f1": 0.12043010752688173,
        "length": 0.6875
    },
    "cost": {
        "cost": 0.0034793,
        "input_tokens": 33724,
        "output_tokens": 153
    },
    "config": {
        "model_name": "arcee-ai/afm-4.5b",
        "few_shot": 0,
        "link": "https://arxiv.org/pdf/2311.06242",
        "schema_name": "model",
        "context": "all",
        "format": "pdf_plumber",
        "version": "2.0",
        "max_model_len": null,
        "max_output_len": null,
        "browse_web": false,
        "backend": "openrouter"
    },
    "error": "Expecting value: line 1 column 1 (char 0)"
}