{
    "metadata": {
        "Name": "Florence-2",
        "Num_Parameters": 771.0,
        "Unit": "Million",
        "Type": "Chat",
        "Think": true,
        "Version": 0.0,
        "Models": [
            {
                "Name": "Florence-2-B",
                "Num_Parameters": 232,
                "Unit": "Million",
                "Type": "Chat",
                "Think": true
            },
            {
                "Name": "Florence-2-L",
                "Num_Parameters": 771,
                "Unit": "Million",
                "Type": "Chat",
                "Think": true
            }
        ],
        "License": "unknown",
        "Year": 2025,
        "Benchmarks": [
            "COCO",
            "Flickr30k",
            "RefCOCO",
            "RefCOCO+",
            "RefCOCOg",
            "ADE20k",
            "VQAv2",
            "TextVQA",
            "VizWizVQA"
        ],
        "Architecture": "Transfromer",
        "Context": 0,
        "Language": "multilingual",
        "Provider": "Microsoft",
        "Modality": "multimodal",
        "Paper_Link": ""
    },
    "validation": {
        "precision": 0.5582522697795071,
        "recall": 0.5954690877648077,
        "f1": 0.5762604075143299,
        "length": 0.875
    },
    "cost": {
        "cost": 0.004364303,
        "input_tokens": 33740,
        "output_tokens": 274
    },
    "config": {
        "model_name": "google/gemma-3-27b-it",
        "few_shot": 0,
        "link": "https://arxiv.org/pdf/2311.06242",
        "schema_name": "model",
        "context": "all",
        "format": "pdf_plumber",
        "version": "2.0",
        "max_model_len": null,
        "max_output_len": null,
        "browse_web": false,
        "backend": "openrouter"
    },
    "error": null
}