{
    "metadata": {
        "Name": "Florence-2",
        "Num_Parameters": 771.0,
        "Unit": "Million",
        "Type": "Base",
        "Think": false,
        "Version": 2.0,
        "Models": [
            {
                "Name": "Florence-2-B",
                "Num_Parameters": 232,
                "Unit": "Million",
                "Type": "Base",
                "Think": false
            },
            {
                "Name": "Florence-2-L",
                "Num_Parameters": 771,
                "Unit": "Million",
                "Type": "Base",
                "Think": false
            }
        ],
        "License": "custom",
        "Year": 2023,
        "Benchmarks": [
            "COCO Caption",
            "Flickr30k",
            "RefCOCO",
            "RefCOCO+",
            "RefCOCOg",
            "TextVQA",
            "VizWizVQA",
            "COCO Object Detection",
            "ADE20K Semantic Segmentation"
        ],
        "Architecture": "Transfromer",
        "Context": 768,
        "Language": "multilingual",
        "Provider": "Microsoft",
        "Modality": "multimodal",
        "Paper_Link": "https://arxiv.org/abs/2311.06244"
    },
    "validation": {
        "precision": 0.8531183412080785,
        "recall": 0.8531183412080785,
        "f1": 0.8531183412080785,
        "length": 0.875
    },
    "cost": {
        "cost": 0.021218,
        "input_tokens": 33724,
        "output_tokens": 296
    },
    "config": {
        "model_name": "moonshotai/kimi-k2",
        "few_shot": 0,
        "link": "https://arxiv.org/pdf/2311.06242",
        "schema_name": "model",
        "context": "all",
        "format": "pdf_plumber",
        "version": "2.0",
        "max_model_len": null,
        "max_output_len": null,
        "browse_web": false,
        "backend": "openrouter"
    },
    "error": null
}