{
    "metadata": {
        "Name": "PIAF",
        "Volume": 191.0,
        "Unit": "sentences",
        "License": "CC BY-SA",
        "Link": "",
        "HF_Link": "",
        "Year": 2019,
        "Domain": [
            "wikipedia"
        ],
        "Form": "text",
        "Collection_Style": [
            "human annotation",
            "crowdsourcing"
        ],
        "Description": "A French Question Answering Dataset collected through a participatory approach.",
        "Ethical_Risks": "Low",
        "Provider": [
            "Etalab",
            "DINUM",
            "Prime Ministeru2019s Office",
            "Sorbonne Universitu00e9",
            "CNRS",
            "LIP6"
        ],
        "Derived_From": [],
        "Paper_Title": "Project PIAF: Building a Native French Question-Answering Dataset",
        "Paper_Link": "",
        "Tokenized": false,
        "Host": "other",
        "Access": "Free",
        "Cost": "",
        "Test_Split": false,
        "Tasks": [
            "question answering"
        ],
        "Venue_Title": "",
        "Venue_Type": "preprint",
        "Venue_Name": "",
        "Authors": [
            "Rachel Keraron",
            "Guillaume Lancrenon",
            "Mathilde Bras",
            "Freu00b4deu00b4ric Allary",
            "Gilles Moyse",
            "Thomas Scialom",
            "Edmundo-Pavel Soriano-Morales",
            "Jacopo Staiano"
        ],
        "Affiliations": [
            "Recital",
            "Etalab",
            "DINUM",
            "Prime Ministeru2019s Office",
            "Sorbonne Universitu00e9",
            "CNRS",
            "LIP6"
        ],
        "Abstract": "Motivated by the lack of data for non-English languages, in particular for the evaluation of downstream tasks such as Question Answering, we present a participatory effort to collect a native French Question Answering Dataset. Furthermore, we describe and publicly release the annotation tool developed for our collection effort, along with the data obtained and preliminary baselines.",
        "Language": "fr"
    },
    "validation": {
        "precision": 0.67007196263971,
        "recall": 0.7438914548324038,
        "f1": 0.7050547432430849,
        "length": 0.9655172413793104
    },
    "cost": {
        "cost": 0,
        "input_tokens": 0,
        "output_tokens": 0
    },
    "config": {
        "model_name": "gemma-3-4b-it-sft-16384",
        "few_shot": 0,
        "link": "https://arxiv.org/pdf/2007.00968",
        "schema_name": "fr",
        "context": "all",
        "format": "pdf_plumber",
        "max_model_len": 16384,
        "max_output_len": 2048,
        "browse_web": false,
        "backend": "vllm"
    },
    "error": null
}