{
    "metadata": {
        "Name": "R B B y R",
        "Volume": -0.63,
        "Unit": "tokens",
        "License": "custom",
        "Link": "https://www.S.com",
        "HF_Link": "https://www.n.com",
        "Year": 1937,
        "Domain": [
            "books",
            "news articles",
            "captions",
            "public datasets",
            "reviews",
            "wikipedia",
            "other",
            "TV Channels",
            "social media",
            "LLM"
        ],
        "Form": "text",
        "Collection_Style": [
            "human annotation",
            "manual curation"
        ],
        "Description": "W a h I L s w s d D s Z r x Z M K M G R g",
        "Ethical_Risks": "High",
        "Provider": [],
        "Derived_From": [],
        "Paper_Title": "t D S M H X v b X v F R O l k M v G M J M r G X a Y t o J m l K E H U a u p R v s F E g O W N r r e j T j x i J j P",
        "Paper_Link": "https://www.d.com",
        "Tokenized": false,
        "Host": "Mendeley Data",
        "Access": "Free",
        "Cost": "",
        "Test_Split": false,
        "Tasks": [
            "emotion classification",
            "dialect identification",
            "fill-in-the blank",
            "relation extraction"
        ],
        "Venue_Title": "b",
        "Venue_Type": "conference",
        "Venue_Name": "f",
        "Authors": [],
        "Affiliations": [],
        "Abstract": "y R S E o D Q m o I M a G z I N b a j s z C O v W O Y R M y Z t i T y S y R e c y Q R f h I i D g w r t z W d g Y x z C F a W K L W f A l m b I O V O F X s q q E c B z E W J r y A W H s U c i o X T m E o W G L W P W h n T S N L S y f L m F D u I u e S S o D g M x t W R R P L U q V v N s y m g q c q r e D R F f m p q L v d K l Z b Q A n h k o d T l d z g s T T X H T y G F Y V Z W l X d o P Z g p y u k m Q c Q r J R G m K I V p b j Y H v J r g E V d t y F X R Y y v N l v i f O a K Q W R Q X u m f h i t D f N Q b v n X O A C e s P d s P A J v e I A G b b W U A v f R O I P z R j d C D E l u g Q S H Y G W P U t e h H P w P J k j k n n C m D G P I N z b r G y V j b w l R C L H m v R m W P A C A L H Q B U e P T P g A g I E K I C M X r o V E d q t y F o f y X l N f A A j D U R V n M O e U L M j g H Y z X s x n N Z r U m a g d w M e D n s P T J M X",
        "Language": "fr"
    },
    "validation": {
        "precision": 0.3617102368606216,
        "recall": 0.3784460334214626,
        "f1": 0.3698889272009276,
        "length": 0.9655172413793104
    },
    "cost": {
        "cost": 0,
        "input_tokens": 0,
        "output_tokens": 0
    },
    "config": {
        "model_name": "baseline-random",
        "few_shot": 0,
        "link": "https://arxiv.org/pdf/2007.00968",
        "schema_name": "fr",
        "context": "all",
        "format": "pdf_plumber",
        "max_model_len": null,
        "max_output_len": null,
        "browse_web": false,
        "backend": "openrouter"
    },
    "error": null
}