{
    "metadata": {
        "Name": "PIAF",
        "Volume": 0.0,
        "Unit": "sentences",
        "License": "CC BY-SA 1.0",
        "Link": "",
        "HF_Link": "",
        "Year": 2019,
        "Domain": [
            "wikipedia"
        ],
        "Form": "text",
        "Collection_Style": [
            "crawling",
            "human annotation"
        ],
        "Description": "A French Question Answering Dataset created by modifying the SQuAD dataset.",
        "Ethical_Risks": "Low",
        "Provider": [
            "Etalab",
            "DINUM",
            "Sorbonne Universitu00e9",
            "CNRS"
        ],
        "Derived_From": [
            "SQuAD"
        ],
        "Paper_Title": "Project PIAF: Building a Native French Question-Answering Dataset",
        "Paper_Link": "",
        "Tokenized": false,
        "Host": "GitHub",
        "Access": "Free",
        "Cost": "",
        "Test_Split": false,
        "Tasks": [
            "question answering"
        ],
        "Venue_Title": "",
        "Venue_Type": "preprint",
        "Venue_Name": "",
        "Authors": [
            "Rachel Keraron",
            "Guillaume Lancrenon",
            "Mathilde Bras",
            "Freu00e9deu00e9ric Allary",
            "Gilles Moyse",
            "Thomas Scialom",
            "Edmundo-Pavel Soriano-Morales",
            "Jacopo Staiano"
        ],
        "Affiliations": [
            "Etalab, DINUM, Prime Ministeru00e9s Office, Paris (France), Sorbonne Universitu00e9, CNRS, LIP6, F-75005 Paris, France"
        ],
        "Abstract": "Motivated by the lack of data for non-English languages, in particular for the evaluation of downstream tasks such as Question Answering, we present a participatory effort to collect a native French Question Answering Dataset. Furthermore, we describe and publicly release the annotation tool developed for our collection effort, along with the data obtained and preliminary baselines.",
        "Language": "fr"
    },
    "validation": {
        "precision": 0.653523743666009,
        "recall": 0.7289303294736253,
        "f1": 0.6891704933205185,
        "length": 0.9655172413793104
    },
    "cost": {
        "cost": 0,
        "input_tokens": 0,
        "output_tokens": 0
    },
    "config": {
        "model_name": "gemma-3-4b-it-sft-16384v2",
        "few_shot": 0,
        "link": "https://arxiv.org/pdf/2007.00968",
        "schema_name": "fr",
        "context": "all",
        "format": "pdf_plumber",
        "max_model_len": 16384,
        "max_output_len": 2048,
        "browse_web": false,
        "backend": "vllm"
    },
    "error": null
}