{
    "metadata": {
        "Name": "PIAF",
        "Volume": 0.0,
        "Unit": "sentences",
        "License": "CC BY-SA 4.0",
        "Link": "",
        "HF_Link": "",
        "Year": 2025,
        "Domain": [
            "news articles"
        ],
        "Form": "text",
        "Collection_Style": [
            "human annotation"
        ],
        "Description": "Building a Native French Question-Answering Dataset.",
        "Ethical_Risks": "Low",
        "Provider": [],
        "Derived_From": [],
        "Paper_Title": "Project PIAF: Building a Native French Question-Answering Dataset",
        "Paper_Link": "",
        "Tokenized": true,
        "Host": "GitHub",
        "Access": "Free",
        "Cost": "",
        "Test_Split": false,
        "Tasks": [
            "question answering"
        ],
        "Venue_Title": "",
        "Venue_Type": "",
        "Venue_Name": "",
        "Authors": [
            "Rachel Keraron",
            "Guillaume Lancrenon",
            "Mathilde Bras",
            "Frederic Allary",
            "Gilles Moyse",
            "Thomas Scialom",
            "Edmundo-Pavel Soriano-Morales",
            "Jacopo Staiano"
        ],
        "Affiliations": [
            "reciTAL, Paris (France)",
            "Etalab, DINUM, Prime Minister\u2019s Office, Paris (France)",
            "Sorbonne Universit\u00e9, CNRS, LIP6, F-75005 Paris, France"
        ],
        "Abstract": "Motivated by the lack of data for non-English languages, in particular for the evaluation of downstream tasks such as Question Answering, we present a participatory effort to collect a native French Question Answering Dataset. Furthermore, we describe and publicly release the annotation tool developed for our collection effort, along with the data obtained and preliminary baselines.",
        "Language": "fr"
    },
    "validation": {
        "precision": 0.5888248515415865,
        "recall": 0.6567661805656156,
        "f1": 0.6209425707165821,
        "length": 0.9655172413793104
    },
    "cost": {
        "cost": 0,
        "input_tokens": 0,
        "output_tokens": 0
    },
    "config": {
        "model_name": "NuExtract-2.0-4B",
        "few_shot": 0,
        "link": "https://arxiv.org/pdf/2007.00968",
        "schema_name": "fr",
        "context": "all",
        "format": "pdf_plumber",
        "max_model_len": 8912,
        "max_output_len": 2048,
        "browse_web": false,
        "backend": "vllm"
    },
    "error": null
}