{
    "metadata": {
        "Name": "PIAF",
        "Volume": 3835.0,
        "Unit": "sentences",
        "License": "CC BY-SA 4.0",
        "Link": "",
        "HF_Link": "",
        "Year": 2019,
        "Domain": [
            "wikipedia"
        ],
        "Form": "text",
        "Collection_Style": [
            "human annotation"
        ],
        "Description": "A native French Question Answering Dataset collected through a participatory effort.",
        "Ethical_Risks": "Low",
        "Provider": [
            "Etalab",
            "reciTAL"
        ],
        "Derived_From": [],
        "Paper_Title": "Project PIAF: Building a Native French Question-Answering Dataset",
        "Paper_Link": "",
        "Tokenized": false,
        "Host": "GitHub",
        "Access": "Free",
        "Cost": "",
        "Test_Split": false,
        "Tasks": [
            "question answering"
        ],
        "Venue_Title": "",
        "Venue_Type": "preprint",
        "Venue_Name": "",
        "Authors": [
            "Rachel Keraron",
            "Guillaume Lancrenon",
            "Mathilde Bras",
            "Fre\u00b4de\u00b4ric Allary",
            "Gilles Moyse",
            "Thomas Scialom",
            "Edmundo-Pavel Soriano-Morales",
            "Jacopo Staiano"
        ],
        "Affiliations": [
            "reciTAL, Paris(France)",
            "Etalab, DINUM, PrimeMinister\u2019sOffice,Paris(France)",
            "SorbonneUniversite\u00b4,CNRS,LIP6,F-75005Paris,France"
        ],
        "Abstract": "Motivated by the lack of data for non-English languages, in particular for the evaluation of downstream tasks such as Question Answering, we present a participatory effort to collect a native French Question Answering Dataset. Furthermore, we describe and publicly release the annotation tool developed for our collection effort, along with the data obtained and preliminary baselines.",
        "Language": "fr"
    },
    "validation": {
        "precision": 0.7518580510885688,
        "recall": 0.83861090313725,
        "f1": 0.7928684902388544,
        "length": 0.9655172413793104
    },
    "cost": {
        "cost": 0.00255705,
        "input_tokens": 14819,
        "output_tokens": 464
    },
    "config": {
        "model_name": "google_gemma-3-27b-it",
        "few_shot": 0,
        "link": "https://arxiv.org/pdf/2007.00968",
        "schema_name": "fr",
        "context": "all",
        "format": "pdf_plumber",
        "max_model_len": null,
        "max_output_len": null,
        "browse_web": false,
        "backend": "openrouter"
    },
    "error": null
}