{
    "metadata": {
        "Name": "PIAF",
        "Volume": 100000.0,
        "Unit": "sentences",
        "License": "Non Commercial Use - ELRA END USER",
        "Link": "https://data.gouv.fr/fr/datasets/piaf-building-a-native-french-question-answering-dataset/",
        "HF_Link": "{'answer_type': 0}",
        "Year": 2023,
        "Domain": [
            "news articles",
            "wikipedia"
        ],
        "Form": "text",
        "Collection_Style": [
            "crowdsourcing",
            "human annotation"
        ],
        "Description": "Project PIAF: Building a Native French Question-Answering Dataset",
        "Ethical_Risks": "Low",
        "Provider": [
            "recital.ai",
            "Etalab"
        ],
        "Derived_From": [],
        "Paper_Title": "Project PIAF: Building a Native French Question-Answering Dataset",
        "Paper_Link": "https://arxiv.org/pdf/2504.21677",
        "Tokenized": false,
        "Host": "data.gouv.fr",
        "Access": "Free",
        "Cost": "",
        "Test_Split": false,
        "Tasks": [
            "question answering"
        ],
        "Venue_Title": "",
        "Venue_Type": "",
        "Venue_Name": "",
        "Authors": [
            "Rachel Keraron",
            "Guillaume Lancrenon",
            "Mathilde Bras",
            "Frederic Allary",
            "Gilles Moyse",
            "Thomas Scialom",
            "Edmundo-Pavel Soriano-Morales",
            "Jacopo Staiano"
        ],
        "Affiliations": [
            "recital.ai",
            "Etalab",
            "PrimeMinister\u2019sOffice",
            "SorbonneUniversite\u00b4",
            "CNRS",
            "LIP6"
        ],
        "Abstract": "Motivated by the lack of data for non-English languages, in particular for the evaluation of downstream tasks such as Question Answering, we present a participatory effort to collect a native French Question Answering Dataset. Furthermore, we describe and publicly release the annotation tool developed for our collection effort, along with the data obtained and preliminary baselines. Keywords: Question Answering, Annotation, Crowdsourcing. Inshort,yes. From the above mentioned data collection efforts, we see that with the exception of Yahoo! Answers, which does not provide supporting evidence for the answers, no large-scale QA dataset is available for languages other than English. Current approaches based on transfer learning and multilingual model pretraining allow to build models able to deal with non-English. Inotherwords, one can effectively fine-tune a pretrained multilinguallanguagemodel(e.g.(Devlin etal.,2019))onEnglishQAdata.Nonetheless,asobserved by (Lewis et al., 2019), native evaluation data for the targetedlanguage is a must-have in order to measure progress on the task for a given language",
        "Language": ""
    },
    "validation": {
        "precision": 0.6037550182218914,
        "recall": 0.6575693855833413,
        "f1": 0.6295142077284862,
        "length": 0.9310344827586207
    },
    "cost": {
        "cost": 0,
        "input_tokens": 0,
        "output_tokens": 0
    },
    "config": {
        "model_name": "gemma-3-4b-it",
        "few_shot": 0,
        "link": "https://arxiv.org/pdf/2007.00968",
        "schema_name": "fr",
        "context": "all",
        "format": "pdf_plumber",
        "max_model_len": 8192,
        "max_output_len": 2048,
        "browse_web": false,
        "backend": "vllm"
    },
    "error": null
}