{
    "metadata": {
        "Name": "PIAF",
        "Volume": 3835.0,
        "Unit": "sentences",
        "License": "CC BY-SA 4.0",
        "Link": "https://github.com/etalab/piaf",
        "HF_Link": "https://huggingface.co/datasets/piaf",
        "Year": 2020,
        "Domain": [
            "wikipedia"
        ],
        "Form": "text",
        "Collection_Style": [
            "human annotation",
            "manual curation"
        ],
        "Description": "A participatory collected native French Question Answering dataset based on French Wikipedia articles.",
        "Ethical_Risks": "Low",
        "Provider": [
            "Etalab",
            "reciTAL"
        ],
        "Derived_From": [
            "SQuAD"
        ],
        "Paper_Title": "Project PIAF: Building a Native French Question-Answering Dataset",
        "Paper_Link": "https://arxiv.org/pdf/2007.00698",
        "Tokenized": false,
        "Host": "GitHub",
        "Access": "Free",
        "Cost": "",
        "Test_Split": false,
        "Tasks": [
            "question answering"
        ],
        "Venue_Title": "arXiv",
        "Venue_Type": "preprint",
        "Venue_Name": "",
        "Authors": [
            "Rachel Keraron",
            "Guillaume Lancrenon",
            "Mathilde Bras",
            "Fr\u00e9d\u00e9ric Allary",
            "Gilles Moyse",
            "Thomas Scialom",
            "Edmundo-Pavel Soriano-Morales",
            "Jacopo Staiano"
        ],
        "Affiliations": [
            "reciTAL, Paris (France)",
            "Etalab, DINUM, Prime Minister\u2019s Office, Paris (France)",
            "Sorbonne Universit\u00e9, CNRS, LIP6, F-75005 Paris, France"
        ],
        "Abstract": "Motivated by the lack of data for non-English languages, in particular for the evaluation of downstream tasks such as Question Answering, we present a participatory effort to collect a native French Question Answering Dataset. Furthermore, we describe and publicly release the annotation tool developed for our collection effort, along with the data obtained and preliminary baselines.",
        "Language": "fr"
    },
    "validation": {
        "precision": 0.8288890512370933,
        "recall": 0.8572224033029118,
        "f1": 0.8428176709905306,
        "length": 0.9655172413793104
    },
    "cost": {
        "cost": 0.067434,
        "input_tokens": 14805,
        "output_tokens": 470
    },
    "config": {
        "model_name": "x-ai/grok-4",
        "few_shot": 0,
        "link": "https://arxiv.org/pdf/2007.00968",
        "schema_name": "fr",
        "context": "all",
        "format": "pdf_plumber",
        "max_model_len": null,
        "max_output_len": null,
        "browse_web": false,
        "backend": "openrouter"
    },
    "error": null
}