{
    "metadata": {
        "Name": "Emojis",
        "Volume": 12698.0,
        "Unit": "sentences",
        "License": "unknown",
        "Link": "",
        "HF_Link": "",
        "Year": 2019,
        "Domain": [
            "social media"
        ],
        "Form": "text",
        "Collection_Style": [
            "crawling"
        ],
        "Description": "We introduce a generic, language-independent method to collect a large percentage of offensive and hate tweets regardless of their topics or genres. We harness the extralinguistic information embedded in the emojis to collect a large number of offensive tweets.",
        "Ethical_Risks": "Medium",
        "Provider": [
            "Qatar Computing Research Institute",
            "Hamad Bin Khalifa University"
        ],
        "Derived_From": [],
        "Paper_Title": "Emojis as Anchors to Detect Arabic Offensive Language and Hate Speech",
        "Paper_Link": "https://arxiv.org/pdf/2504.21677",
        "Tokenized": false,
        "Host": "other",
        "Access": "Free",
        "Cost": "",
        "Test_Split": true,
        "Tasks": [
            "offensive language detection",
            "hate speech detection"
        ],
        "Venue_Title": "",
        "Venue_Type": "preprint",
        "Venue_Name": "",
        "Authors": [
            "Hamdy Mubarak",
            "Sabit Hassan",
            "Shammur Absar Chowdhury"
        ],
        "Affiliations": [
            "Qatar Computing Research Institute",
            "Hamad Bin Khalifa University",
            "University of Pittsburgh"
        ],
        "Abstract": "We introduce a generic, language-independent method to collect a large percentage of offensive and hate tweets regardless of their topics or genres. We harness the extralinguistic information embedded in the emojis to collect a large number of offensive tweets. We apply the proposed method on Arabic tweets\u2013analysing key cultural differences. We observed a constant usage of these emojis to represent offensiveness throughout different time spans on Twitter. We manually annotate and publicly release the largest Arabic dataset for offensive, fine-grained hate speech, vulgar and violence content. Furthermore, we benchmark the dataset for detecting offensiveness and hate speech using different transformer architectures and perform in-depth linguistic analysis. We evaluate our models on external datasets\u2013a Twitter dataset collected using a completely different method, and a multi-platform dataset containing comments from Twitter, YouTube and Facebook, for assessing generalization capability. Competitive results on these datasets suggest that the data collected using our method captures universal characteristics of offensive language. Our findings also highlight the common words used in offensive communications, common targets for hate speech, specific patterns in violence tweets; and pinpoint common classification errors that can be attributed to limitations of NLP models. We observe that even state-of-the-art transformer models may fail to take into account culture, background and context or understand nuances present in real-world data such as sarcasm.",
        "Subsets": [],
        "Dialect": "mixed",
        "Language": "ar",
        "Script": "Arab"
    },
    "validation": {
        "precision": 0.6113770838675724,
        "recall": 0.6645520153095397,
        "f1": 0.6368565047388535,
        "length": 0.96875
    },
    "cost": {
        "cost": 0.00312046,
        "input_tokens": 28385,
        "output_tokens": 659
    },
    "config": {
        "model_name": "google_gemma-3-27b-it",
        "few_shot": 0,
        "link": "https://arxiv.org/pdf/2201.06723",
        "schema_name": "ar",
        "context": "all",
        "format": "pdf_plumber",
        "max_model_len": null,
        "max_output_len": null,
        "browse_web": false,
        "backend": "openrouter"
    },
    "error": null
}