{
    "metadata": {
        "Name": "NaturalLanguageEngineering",
        "Volume": 0.0,
        "Unit": "",
        "License": "",
        "Link": "",
        "HF_Link": "",
        "Year": 2025,
        "Domain": [
            "social media"
        ],
        "Form": "text",
        "Collection_Style": [
            "crawling"
        ],
        "Description": "",
        "Ethical_Risks": "",
        "Provider": [],
        "Derived_From": [],
        "Paper_Title": "",
        "Paper_Link": "",
        "Tokenized": false,
        "Host": "",
        "Access": "",
        "Cost": "",
        "Test_Split": false,
        "Tasks": [],
        "Venue_Title": "",
        "Venue_Type": "",
        "Venue_Name": "",
        "Authors": [
            "Hamdy Mubarak",
            "Sabit Hassan",
            "Shammur Absar Chowdhury"
        ],
        "Affiliations": [
            "Qatar Computing Research Institute, Hamad Bin Khalifa University, Doha, Qatar"
        ],
        "Abstract": "We introduce a generic, language-independent method to collect a large percentage of offensive and hate tweets regardless of their topics or genres. We harness the extralinguistic information embedded in the emojis to collect a large number of offensive tweets. We apply the proposed method on Arabic tweets and compare it with English tweets, analyzing key cultural differences. We observed a constant usage of emojis to represent offensiveness throughout different times on Twitter. We manually annotate and publicly release the largest Arabic dataset for offensive, fine-grained hate speech, vulgar and violence content.",
        "Subsets": [],
        "Dialect": "Mixed",
        "Language": "Arabic",
        "Script": "Arab"
    },
    "validation": {
        "precision": 0.3050286392430247,
        "recall": 0.3369583252221843,
        "f1": 0.3201994592203327,
        "length": 0.9375
    },
    "cost": {
        "cost": 0,
        "input_tokens": 0,
        "output_tokens": 0
    },
    "config": {
        "model_name": "NuExtract-2.0-2B",
        "few_shot": 0,
        "link": "https://arxiv.org/pdf/2201.06723",
        "schema_name": "ar",
        "context": "all",
        "format": "pdf_plumber",
        "max_model_len": 8912,
        "max_output_len": 2048,
        "browse_web": false,
        "backend": "vllm"
    },
    "error": null
}