{
    "metadata": {
        "Name": "NaturalLanguageEngineering",
        "Volume": 1.0,
        "Unit": "sentences",
        "License": "unknown",
        "Link": "",
        "HF_Link": "",
        "Year": 2019,
        "Domain": [
            "news articles",
            "reviews",
            "social media"
        ],
        "Form": "text",
        "Collection_Style": [
            "human annotation"
        ],
        "Description": "We introduce a generic, language-independent method to collect a large percentage of offensive and hate tweets regardless of their topics or genres. We harness the extralinguistic information embedded in the emojis to collect a large number of offensive tweets. We apply the proposed method on Arabic tweets and compare it with English tweets \u2013 analysing key cultural differences. We observed a constant usage of these emojis to represent offensiveness throughout different timespan on Twitter. We manually annotate and publicly release the largest Arabic dataset for offensive, fine-grained hate speech, vulgar and violence content. Furthermore, we benchmark the dataset for detecting offensiveness and hate speech using different transformer architectures and perform in-depth linguistic analysis. We evaluate our models on external datasets \u2013 a Twitter dataset collected using a completely different method, and a multi-platform dataset containing comments from Twitter, YouTube and Facebook, for assessing generalization capability. Competitive results on these datasets suggest that the data collected using our method captures universal characteristics of offensive language.",
        "Ethical_Risks": "Medium",
        "Provider": [
            "QatarComputingResearchInstitute"
        ],
        "Derived_From": [],
        "Paper_Title": "Emojis as Anchors to Detect Arabic Offensive Language and Hate Speech",
        "Paper_Link": "https://arxiv.org/pdf/2504.21677",
        "Tokenized": false,
        "Host": "HuggingFace",
        "Access": "",
        "Cost": "",
        "Test_Split": false,
        "Tasks": [],
        "Venue_Title": "",
        "Venue_Type": "",
        "Venue_Name": "",
        "Authors": [],
        "Affiliations": [],
        "Abstract": "",
        "Subsets": [],
        "Dialect": "",
        "Language": "",
        "Script": ""
    },
    "validation": {
        "precision": 0.3035788232056857,
        "recall": 0.3261829272621426,
        "f1": 0.3144752095041238,
        "length": 0.90625
    },
    "cost": {
        "cost": 0,
        "input_tokens": 0,
        "output_tokens": 0
    },
    "config": {
        "model_name": "gemma-3-4b-it",
        "few_shot": 0,
        "link": "https://arxiv.org/pdf/2201.06723",
        "schema_name": "ar",
        "context": "all",
        "format": "pdf_plumber",
        "max_model_len": 8192,
        "max_output_len": 2048,
        "browse_web": false,
        "backend": "vllm"
    },
    "error": null
}