{
    "metadata": {
        "Name": "Emojis as Anchors to Detect Arabic Offensive Language and Hate Speech",
        "Volume": 0.0,
        "Unit": "",
        "License": "",
        "Link": "",
        "HF_Link": "",
        "Year": 2019,
        "Domain": [
            "social media"
        ],
        "Form": "text",
        "Collection_Style": [
            "human annotation"
        ],
        "Description": "This paper introduces a method to collect a large percentage of offensive and hate tweets using emojis, focusing on capturing universal characteristics of offensive language.",
        "Ethical_Risks": "Medium",
        "Provider": [],
        "Derived_From": [],
        "Paper_Title": "Emojis as Anchors to Detect Arabic Offensive Language and Hate Speech",
        "Paper_Link": "",
        "Tokenized": false,
        "Host": "",
        "Access": "",
        "Cost": "",
        "Test_Split": false,
        "Tasks": [
            "language modeling",
            "offensive language detection"
        ],
        "Venue_Title": "",
        "Venue_Type": "",
        "Venue_Name": "",
        "Authors": [
            "Hamdy Mubarak",
            "Sabit Hassan",
            "Shammur Absar Chowdhury"
        ],
        "Affiliations": [
            "Qatar Computing Research Institute, Hamad Bin Khalifa University, Doha, Qatar",
            "School of Computing and Information, University of Pittsburgh, PA, USA"
        ],
        "Abstract": "We introduce a generic, language-independent method to collect a large percentage of offensive and hate tweets regardless of their topics or genres. We harness the extralinguistic information embedded in the emojis to collect a large number of offensive tweets. We apply the proposed method on Arabic tweets and compare it with English tweets\u2014analyzing key cultural differences. We observed a constant usage of these emojis to represent offensiveness throughout different times on Twitter. We manually annotate and publicly release the largest Arabic dataset for offensive, fine-grained hate speech, vulgar, and violence content. Furthermore, we benchmark the dataset for detecting offensiveness and hate speech using different transformer architectures and perform in-depth linguistic analysis. We evaluate our models on external datasets\u2014a Twitter dataset collected using a completely different method, and a multi-platform dataset containing comments from Twitter, YouTube, and Facebook, for assessing generalization capability.",
        "Subsets": [],
        "Dialect": "Modern Standard Arabic",
        "Language": "ar",
        "Script": "Arab"
    },
    "validation": {
        "precision": 0.36407220232450593,
        "recall": 0.40962732593785345,
        "f1": 0.385508630259683,
        "length": 0.9375
    },
    "cost": {
        "cost": 0,
        "input_tokens": 0,
        "output_tokens": 0
    },
    "config": {
        "model_name": "NuExtract-2.0-4B",
        "few_shot": 0,
        "link": "https://arxiv.org/pdf/2201.06723",
        "schema_name": "ar",
        "context": "all",
        "format": "pdf_plumber",
        "max_model_len": 8912,
        "max_output_len": 2048,
        "browse_web": false,
        "backend": "vllm"
    },
    "error": null
}