{
    "metadata": {
        "Name": "Arabic Offensive Language",
        "Volume": 1111.0,
        "Unit": "sentences",
        "License": "unknown",
        "Link": "",
        "HF_Link": "",
        "Year": 2021,
        "Domain": [
            "social media"
        ],
        "Form": "text",
        "Collection_Style": [
            "crawling",
            "human annotation"
        ],
        "Description": "We introduce a generic, language-independent method to collect a large percentage of offensive and hate tweets.",
        "Ethical_Risks": "Medium",
        "Provider": [
            "Qatar Computing Research Institute",
            "University of Pittsburgh"
        ],
        "Derived_From": [],
        "Paper_Title": "Emojis as Anchors to Detect Arabic Offensive Language and Hate Speech",
        "Paper_Link": "",
        "Tokenized": false,
        "Host": "other",
        "Access": "Free",
        "Cost": "",
        "Test_Split": false,
        "Tasks": [
            "offensive language detection",
            "hate speech detection"
        ],
        "Venue_Title": "",
        "Venue_Type": "preprint",
        "Venue_Name": "",
        "Authors": [
            "Hamdy Mubarak",
            "Sabit Hassan",
            "Shammur Absar Chowdhury"
        ],
        "Affiliations": [
            "Qatar Computing Research Institute",
            "University of Pittsburgh"
        ],
        "Abstract": "We introduce a generic, language-independent method to collect a large percentage of offensive and hate tweets regardless of their topics or genres. We harness the extralinguistic information embedded in the emojis to collect a large number of offensive tweets. We apply the proposed method on Arabic tweets and compare it with English tweets u2013 analysing key cultural differences. We observed a constant usage of the emojis to represent offensiveness throughout different timespans on Twitter. We manually annotate and publicly release the largest Arabic dataset for offensive, fine-grained hate speech, vulgar and violence content. Furthermore, we benchmark the dataset for detecting offensiveness and hate speech using different transformer architectures and perform in-depth linguistic analysis. We evaluate our models on external datasets u2013 a Twitter dataset collected using a completely different method, and a multi-platform dataset containing comments from Twitter, YouTube and Facebook, for assessing generalization capability. Competitive results on these datasets suggest that the data collected using our method captures universal characteristic of offensive language. Our findings also highlight the common words used in offensive communications, common targets for hate speech, specific patterns in violent tweets; and pinpoint common classification errors that can be attributed to limitations of NLP models. We observe that even state-of--the-art transformer models may fail to take into account culture, background and context or understand nuances present in real-world data such as sarcasm.",
        "Subsets": [],
        "Dialect": "mixed",
        "Language": "ar",
        "Script": "Arab"
    },
    "validation": {
        "precision": 0.5503853306993356,
        "recall": 0.5894852421794021,
        "f1": 0.5692646826383215,
        "length": 0.96875
    },
    "cost": {
        "cost": 0,
        "input_tokens": 0,
        "output_tokens": 0
    },
    "config": {
        "model_name": "gemma-3-4b-it-sft-8912",
        "few_shot": 0,
        "link": "https://arxiv.org/pdf/2201.06723",
        "schema_name": "ar",
        "context": "all",
        "format": "pdf_plumber",
        "max_model_len": 8192,
        "max_output_len": 2048,
        "browse_web": false,
        "backend": "vllm"
    },
    "error": null
}