{
    "metadata": {
        "Name": "EMOJI-OFF",
        "Volume": 12698.0,
        "Unit": "sentences",
        "License": "unknown",
        "Link": "",
        "HF_Link": "",
        "Year": 2019,
        "Domain": [
            "social media"
        ],
        "Form": "text",
        "Collection_Style": [
            "crawling",
            "human annotation"
        ],
        "Description": "Largest Arabic dataset for offensive, fine-grained hate speech, vulgar and violence content collected via emoji anchors.",
        "Ethical_Risks": "High",
        "Provider": [
            "Qatar Computing Research Institute, Hamad Bin Khalifa University",
            "University of Pittsburgh"
        ],
        "Derived_From": [],
        "Paper_Title": "Emojis as Anchors to Detect Arabic Offensive Language and Hate Speech",
        "Paper_Link": "https://doi.org/10.1017/xxxxx",
        "Tokenized": false,
        "Host": "other",
        "Access": "Free",
        "Cost": "",
        "Test_Split": true,
        "Tasks": [
            "offensive language detection",
            "hate speech detection"
        ],
        "Venue_Title": "Natural Language Engineering",
        "Venue_Type": "journal",
        "Venue_Name": "Cambridge University Press",
        "Authors": [
            "Hamdy Mubarak",
            "Sabit Hassan",
            "Shammur Absar Chowdhury"
        ],
        "Affiliations": [
            "Qatar Computing Research Institute, Hamad Bin Khalifa University",
            "University of Pittsburgh"
        ],
        "Abstract": "We introduce a generic, language-independent method to collect a large percentage of offensive and hate tweets regardless of their topics or genres. We harness the extralinguistic information embedded in the emojis to collect a large number of offensive tweets. We apply the proposed method on Arabic tweets and compare it with English tweets \u2013 analysing key cultural differences. We observed a constant usage of these emojis to represent offensiveness throughout different timespans on Twitter. We manually annotate and publicly release the largest Arabic dataset for offensive, fine-grained hate speech, vulgar and violence content. Furthermore, we benchmark the dataset for detecting offensiveness and hate speech using different transformer architectures and perform in-depth linguistic analysis. We evaluate our models on external datasets \u2013 a Twitter dataset collected using a completely different method, and a multi-platform dataset containing comments from Twitter, YouTube and Facebook, for assessing generalization capability. Competitive results on these datasets suggest that the data collected using our method captures universal characteristics of offensive language. Our findings also highlight the common words used in offensive communications, common targets for hate speech, specific patterns in violence tweets; and pinpoint common classification errors that can be attributed to limitations of NLP models. We observe that even state-of-the-art transformer models may fail to take into account culture, background and context or understand nuances present in real-world data such as sarcasm.",
        "Subsets": [],
        "Dialect": "mixed",
        "Language": "ar",
        "Script": "Arab"
    },
    "validation": {
        "precision": 0.5821936527014653,
        "recall": 0.6286339461820233,
        "f1": 0.6045232098728621,
        "length": 0.96875
    },
    "cost": {
        "cost": 0.0187328,
        "input_tokens": 28382,
        "output_tokens": 581
    },
    "config": {
        "model_name": "moonshotai/kimi-k2-0905",
        "few_shot": 0,
        "link": "https://arxiv.org/pdf/2201.06723",
        "schema_name": "ar",
        "context": "all",
        "format": "pdf_plumber",
        "version": "2.0",
        "max_model_len": null,
        "max_output_len": null,
        "browse_web": false,
        "backend": "openrouter"
    },
    "error": null
}