{
    "metadata": {
        "Name": "K a G s",
        "Volume": -0.74,
        "Unit": "hours",
        "License": "CC BY-SA 4.0",
        "Link": "https://www.p.com",
        "HF_Link": "https://www.k.com",
        "Year": 1910,
        "Domain": [
            "other",
            "wikipedia",
            "public datasets",
            "news articles",
            "LLM",
            "social media",
            "web pages",
            "reviews",
            "captions"
        ],
        "Form": "text",
        "Collection_Style": [
            "manual curation",
            "other",
            "machine annotation",
            "human annotation"
        ],
        "Description": "D Q m o I M a G z I N b a j s z C O v W O Y R M y Z t i T y S y R e c y Q R",
        "Ethical_Risks": "Low",
        "Provider": [],
        "Derived_From": [],
        "Paper_Title": "h I i D g w r t z W d g Y x z C F a W K L W f A l m b I O V O F X s q q E c B z E W J r y A W H s U c i o X T m E o W G L W P W h n T S N L S y f L",
        "Paper_Link": "https://www.p.com",
        "Tokenized": true,
        "Host": "sourceforge",
        "Access": "Free",
        "Cost": "W",
        "Test_Split": true,
        "Tasks": [
            "text generation",
            "offensive language detection",
            "multiple choice question answering"
        ],
        "Venue_Title": "E",
        "Venue_Type": "journal",
        "Venue_Name": "t W R R P L",
        "Authors": [],
        "Affiliations": [],
        "Abstract": "w p z Z v u u b o B V p z F g b K u a m f u o O a o C d L E Q l m O e U y b N N T P w t r O h H a N k Q w N H Z B S O F V J K t f v d q q i g b G H Y e V l w S D S O H y V R I H M c V f i K O n K q e x G p i T R H R g h K u k z V G a K u S S n q L Q D k M I Y b m H R N F d d p u E P W u Q r X l S N O P b j h n w j y o n M v d H D A t F f V p l U E k z G k w C N n y G h Y J m H d X Z v y b K l G R T N K a H y Q l O J K t M s z Q b z m V k y p f L Z I C d I c h H S A O B D E d X s M P b R t E R r w x r u z M w C n j Y h s G W J N V p c x s F s H l s i k u q D R j u V Q a K M O e y X A l y M V S s C r P O d q I g k N r o x W i g T K Q Z N i v c I E t j S s G H L U N t F S B Q n O I a b E J V X g g m P g n B K M j q V A H m M p F B C X s a g P I e n w z H v a t x o r u a s W V q p G k l F j n a y S r M z h d B E J M q e S e R v n h j m Y b f v F O O d L U i I I G j w o P Z z h d g w V x X X E C P i Q a w U H l b y I H s G M J O H l c B G e V x h B x P e g h W w y R r v Y o L I P R L J D Z n h V x F p z g g P v k K e l Y A C k M Q h M e Z V w m q a Y V J z F c j g c h r b K k h f s U P S H F o Q w T q t X A k H g T J R h o M d R K t H n C b g k t E x w X T G t Y g D g C x o K d E v r s C y x W t u j u m q a w C f r c p k S e o H U O e d q X f m Q c i G N G N j m Z C x b d H r T t u n R k D z I Z S S p S T F u W W d E Z I t p f C J Z h Y s r z j d j l P H h z H X l F d u C b A p C z G a k r c X B D T x d B q A X s Q o t Y k J b s v H H O R Z L g z T V p D C O X K P o P e Z h w A Y d A Q n N k B r g a O i g h p l T N F q q A E L A N L q R U u x Y Y n N M H W p c u M G p A e Y s U n r U W H E f K Y D W l Y C I e P L C F E l c S T b S I J P I f P d I l c O N Q k m h M K k P Z e i g M P x T P i n H p p l h a x z H g r w e j C z y D J b u b W k J V i P H g F W t E n P E H C w z D N U K y c K F L g S d y R j H L m A e v M j i o w",
        "Subsets": [],
        "Dialect": "Comoros",
        "Language": "ar",
        "Script": "Arab-Latin"
    },
    "validation": {
        "precision": 0.28005563564239416,
        "recall": 0.28443150291286456,
        "f1": 0.2822266085596068,
        "length": 0.96875
    },
    "cost": {
        "cost": 0,
        "input_tokens": 0,
        "output_tokens": 0
    },
    "config": {
        "model_name": "baseline-random",
        "few_shot": 0,
        "link": "https://arxiv.org/pdf/2201.06723",
        "schema_name": "ar",
        "context": "all",
        "format": "pdf_plumber",
        "max_model_len": null,
        "max_output_len": null,
        "browse_web": false,
        "backend": "openrouter"
    },
    "error": null
}