{
    "metadata": {
        "Name": "",
        "Volume": 0.0,
        "Unit": "",
        "License": "",
        "Link": "",
        "HF_Link": "",
        "Year": 2025,
        "Domain": [],
        "Form": "",
        "Collection_Style": [],
        "Description": "",
        "Ethical_Risks": "",
        "Provider": [],
        "Derived_From": [],
        "Paper_Title": "",
        "Paper_Link": "",
        "Tokenized": false,
        "Host": "",
        "Access": "",
        "Cost": "",
        "Test_Split": false,
        "Tasks": [],
        "Venue_Title": "",
        "Venue_Type": "",
        "Venue_Name": "",
        "Authors": [],
        "Affiliations": [],
        "Abstract": "",
        "Language": "",
        "Script": ""
    },
    "validation": {
        "precision": 0.1999506172839506,
        "recall": 0.20684546615581098,
        "f1": 0.2033396107972379,
        "length": 0.8666666666666667
    },
    "cost": {
        "cost": 0,
        "input_tokens": 0,
        "output_tokens": 0
    },
    "config": {
        "model_name": "NuExtract-2.0-2B",
        "few_shot": 0,
        "link": "https://arxiv.org/pdf/2204.02718",
        "schema_name": "jp",
        "context": "all",
        "format": "pdf_plumber",
        "max_model_len": 8912,
        "max_output_len": 2048,
        "browse_web": false,
        "backend": "vllm"
    },
    "error": "Expecting value: line 1 column 1967 (char 1966)"
}