{
    "metadata": {
        "Name": "fakenews-japanese",
        "Volume": 100.0,
        "Unit": "sentences",
        "License": "unknown",
        "Link": "https://hkefka385.github.io/dataset/fakenews-japanese/",
        "HF_Link": "",
        "Year": 2021,
        "Domain": [
            "news articles",
            "social media"
        ],
        "Form": "text",
        "Collection_Style": [
            "manual curation"
        ],
        "Description": "The first Japanese fake news dataset based on an annotated scheme.",
        "Ethical_Risks": "Medium",
        "Provider": [
            "NARA Institute of Science and Technology",
            "SANKEN Osaka University"
        ],
        "Derived_From": [],
        "Paper_Title": "Annotation-Scheme Reconstruction for u201cfFake Newsu201d and Japanese Fake News Dataset",
        "Paper_Link": "",
        "Tokenized": false,
        "Host": "GitHub",
        "Access": "Free",
        "Cost": "",
        "Test_Split": true,
        "Tasks": [
            "fake news detection"
        ],
        "Venue_Title": "",
        "Venue_Type": "preprint",
        "Venue_Name": "",
        "Authors": [
            "Taichi Murayama",
            "Shohei Hisada",
            "Makoto Uehara",
            "Shoko Wakamiya",
            "Eiji Aramaki"
        ],
        "Affiliations": [
            "SANKEN Osaka University",
            "NARA Institute of Science and Technology"
        ],
        "Abstract": "Fake news provokes many societal problems; therefore, there has been extensive research on fake news detection tasks to counter it. Many fake news datasets were constructed as resources to facilitate this task. Contemporary research focuses almost exclusively on the factuality aspect of the news. However, this aspect alone is insufficient to explain u201cfake newsu201d, which is a complex phenomenon that involves a wide range of issues. To fully understand the nature of each instance of fake news, it is important to observe it from various perspectives, such as the intention of the false news disseminator, the harmfulness of the news to our society, and the target of the news. We propose a novel annotation scheme with fine-grained labeling based on detailed investigations of existing fake news datasets to capture these various aspects of fake news. Using the annotations scheme, we construct and publish the first Japanese fake news dataset. The annotations scheme is expected to provide an in-depth understanding of fake news. We plan to build datasets for both Japanese and other languages using our scheme. Our Japanese dataset is published at https://hkefka385.github.io/dataset/fakenews-japanese.",
        "Language": "jp",
        "Script": "mixed"
    },
    "validation": {
        "precision": 0.6711424629127143,
        "recall": 0.6942853064614286,
        "f1": 0.6825177588942857,
        "length": 0.9666666666666667
    },
    "cost": {
        "cost": 0,
        "input_tokens": 0,
        "output_tokens": 0
    },
    "config": {
        "model_name": "gemma-3-4b-it-sft-8912",
        "few_shot": 0,
        "link": "https://arxiv.org/pdf/2204.02718",
        "schema_name": "jp",
        "context": "all",
        "format": "pdf_plumber",
        "max_model_len": 8192,
        "max_output_len": 2048,
        "browse_web": false,
        "backend": "vllm"
    },
    "error": null
}