{
    "metadata": {
        "Name": "JFakeNews",
        "Volume": 307.0,
        "Unit": "documents",
        "License": "unknown",
        "Link": "https://hkefka385.github.io/dataset/fakenews-japanese/",
        "HF_Link": "",
        "Year": 2022,
        "Domain": [
            "news articles",
            "social media"
        ],
        "Form": "text",
        "Collection_Style": [
            "human annotation",
            "manual curation"
        ],
        "Description": "First Japanese fake news dataset with fine-grained labels for intention, harm, and target.",
        "Ethical_Risks": "Medium",
        "Provider": [
            "SANKEN Osaka University",
            "NARA Institute of Science and Technology"
        ],
        "Derived_From": [
            "Fact Check Initiative Japan"
        ],
        "Paper_Title": "Annotation-Scheme Reconstruction for \u201cFake News\u201d and Japanese Fake News Dataset",
        "Paper_Link": "https://arxiv.org/pdf/2202.08172",
        "Tokenized": false,
        "Host": "GitHub",
        "Access": "Free",
        "Cost": "",
        "Test_Split": false,
        "Tasks": [
            "fake news detection"
        ],
        "Venue_Title": "arXiv",
        "Venue_Type": "preprint",
        "Venue_Name": "",
        "Authors": [
            "Taichi Murayama",
            "Shohei Hisada",
            "Makoto Uehara",
            "Shoko Wakamiya",
            "Eiji Aramaki"
        ],
        "Affiliations": [
            "SANKEN Osaka University",
            "NARA Institute of Science and Technology"
        ],
        "Abstract": "Fake news provokes many societal problems; therefore, there has been extensive research on fake news detection tasks to counter it. Many fake news datasets were constructed as resources to facilitate this task. Contemporary research focuses almost exclusively on the factuality aspect of the news. However, this aspect alone is insufficient to explain \u201cfake news,\u201d which is a complex phenomenon that involves a wide range of issues. To fully understand the nature of each instance of fake news, it is important to observe it from various perspectives, such as the intention of the false news disseminator, the harmfulness of the news to our society, and the target of the news. We propose a novel annotation scheme with fine-grained labeling based on detailed investigations of existing fake news datasets to capture these various aspects of fake news. Using the annotation scheme, we construct and publish the first Japanese fake news dataset. The annotation scheme is expected to provide an in-depth understanding of fake news. We plan to build datasets for both Japanese and other languages using our scheme.",
        "Language": "jp",
        "Script": "mixed"
    },
    "validation": {
        "precision": 0.8031645311546894,
        "recall": 0.8308598598151961,
        "f1": 0.8167774893098537,
        "length": 0.9666666666666667
    },
    "cost": {
        "cost": 0.003500371552,
        "input_tokens": 21157,
        "output_tokens": 560
    },
    "config": {
        "model_name": "moonshotai/kimi-k2",
        "few_shot": 0,
        "link": "https://arxiv.org/pdf/2204.02718",
        "schema_name": "jp",
        "context": "all",
        "format": "pdf_plumber",
        "max_model_len": null,
        "max_output_len": null,
        "browse_web": false,
        "backend": "openrouter"
    },
    "error": null
}