{
    "metadata": {
        "Name": "Japanese Fake News Dataset",
        "Volume": 307.0,
        "Unit": "documents",
        "License": "unknown",
        "Link": "https://hkefka385.github.io/dataset/fakenews-japanese/",
        "HF_Link": "",
        "Year": 2022,
        "Domain": [
            "social media",
            "news articles"
        ],
        "Form": "text",
        "Collection_Style": [
            "manual curation",
            "human annotation"
        ],
        "Description": "First Japanese fake news dataset with fine-grained annotations on factuality, intention, harm, and other aspects.",
        "Ethical_Risks": "Medium",
        "Provider": [
            "SANKEN Osaka University",
            "NARA Institute of Science and Technology"
        ],
        "Derived_From": [
            "Fact Check Initiative Japan"
        ],
        "Paper_Title": "Annotation-Scheme Reconstruction for \u201cFake News\u201d and Japanese Fake News Dataset",
        "Paper_Link": "https://arxiv.org/pdf/2204.07811.pdf",
        "Tokenized": false,
        "Host": "GitHub",
        "Access": "Free",
        "Cost": "",
        "Test_Split": false,
        "Tasks": [
            "fake news detection"
        ],
        "Venue_Title": "LREC",
        "Venue_Type": "conference",
        "Venue_Name": "Language Resources and Evaluation Conference",
        "Authors": [
            "Taichi Murayama",
            "Shohei Hisada",
            "Makoto Uehara",
            "Shoko Wakamiya",
            "Eiji Aramaki"
        ],
        "Affiliations": [
            "SANKEN Osaka University",
            "NARA Institute of Science and Technology"
        ],
        "Abstract": "Fake news provokes many societal problems; therefore, there has been extensive research on fake news detection tasks to counter it. Many fake news datasets were constructed as resources to facilitate this task. Contemporary research focuses almost exclusively on the factuality aspect of the news. However, this aspect alone is insufficient to explain \u201cfake news,\u201d which is a complex phenomenon that involves a wide range of issues. To fully understand the nature of each instance of fake news, it is important to observe it from various perspectives, such as the intention of the false news disseminator, the harmfulnessofthenewstooursociety,andthetargetofthenews. Weproposeanovelannotationschemewithfine-grained labelingbasedondetailedinvestigationsofexistingfakenewsdatasetstocapturethesevariousaspectsoffakenews. Using theannotationscheme,weconstructandpublishthefirstJapanesefakenewsdataset. Theannotationschemeisexpectedto provideanin-depthunderstandingoffakenews. WeplantobuilddatasetsforbothJapaneseandotherlanguagesusingour scheme.OurJapanesedatasetispublishedathttps://hkefka385.github.io/dataset/fakenews-japanese/.",
        "Language": "jp",
        "Script": "mixed"
    },
    "validation": {
        "precision": 0.7665111757476565,
        "recall": 0.792942595601024,
        "f1": 0.7795028905908371,
        "length": 0.9666666666666667
    },
    "cost": {
        "cost": 0.087321,
        "input_tokens": 21157,
        "output_tokens": 603
    },
    "config": {
        "model_name": "x-ai/grok-4",
        "few_shot": 0,
        "link": "https://arxiv.org/pdf/2204.02718",
        "schema_name": "jp",
        "context": "all",
        "format": "pdf_plumber",
        "max_model_len": null,
        "max_output_len": null,
        "browse_web": false,
        "backend": "openrouter"
    },
    "error": null
}