{
    "metadata": {
        "Name": "Fake News",
        "Volume": 0.0,
        "Unit": "sentences",
        "License": "",
        "Link": "https://hkefka385.github.io/dataset/fakenews-japanese/",
        "HF_Link": "",
        "Year": 2021,
        "Domain": [
            "social media"
        ],
        "Form": "text",
        "Collection_Style": [
            "human annotation"
        ],
        "Description": "Fake news has caused significant damage to various fields of society, such as the economy, politics, and health problems.",
        "Ethical_Risks": "Medium",
        "Provider": [],
        "Derived_From": [],
        "Paper_Title": "Annotation-Scheme Reconstruction for \u201cFake News\u201d and Japanese Fake News Dataset",
        "Paper_Link": "",
        "Tokenized": true,
        "Host": "GitHub",
        "Access": "Free",
        "Cost": "",
        "Test_Split": false,
        "Tasks": [
            "fake news detection"
        ],
        "Venue_Title": "",
        "Venue_Type": "",
        "Venue_Name": "",
        "Authors": [
            "Taichi Murayama",
            "Shohei Hisada",
            "Makoto Uehara",
            "Shoko Wakamiya",
            "Eiji Aramaki"
        ],
        "Affiliations": [
            "SANKENO, Osaka University",
            "NARA Institute of Science and Technology"
        ],
        "Abstract": "Fake news provokes many societal problems; therefore, there has been extensive research on fake news detection tasks to counter it. Many fake news datasets were constructed as resources to facilitate this task. Contemporary research focuses almost exclusively on the factuality aspect of the news. However, this aspect alone is insufficient to explain \u201cfake news,\u201d which is a complex phenomenon that involves a wide range of issues. To fully understand the nature of each instance of fake news, it is important to observe it from various perspectives, such as the intention of the false news disseminator, the harmfulness of the news to our society, and the target of the news.",
        "Language": "jp",
        "Script": "Katakana"
    },
    "validation": {
        "precision": 0.5348058462790873,
        "recall": 0.5532474271852628,
        "f1": 0.5438703521482244,
        "length": 0.9666666666666667
    },
    "cost": {
        "cost": 0,
        "input_tokens": 0,
        "output_tokens": 0
    },
    "config": {
        "model_name": "NuExtract-2.0-4B",
        "few_shot": 0,
        "link": "https://arxiv.org/pdf/2204.02718",
        "schema_name": "jp",
        "context": "all",
        "format": "pdf_plumber",
        "max_model_len": 8912,
        "max_output_len": 2048,
        "browse_web": false,
        "backend": "vllm"
    },
    "error": null
}