{
    "metadata": {
        "Name": "Fake News and Japanese Fake News Dataset",
        "Volume": 0.0,
        "Unit": "sentences",
        "License": "",
        "Link": "https://hkefka385.github.io/dataset/fakenews-japanese/",
        "HF_Link": "",
        "Year": 2025,
        "Domain": [
            "social media"
        ],
        "Form": "text",
        "Collection_Style": [
            "human annotation"
        ],
        "Description": "Fake news provokes many societal problems; therefore, there has been extensive research on fake news detection tasks to counter it. Many fake news datasets were constructed as resources to facilitate this task.",
        "Ethical_Risks": "Low",
        "Provider": [],
        "Derived_From": [],
        "Paper_Title": "Annotation-Scheme Reconstruction for \u201cFake News\u201d and Japanese Fake News Dataset",
        "Paper_Link": "",
        "Tokenized": false,
        "Host": "GitHub",
        "Access": "Free",
        "Cost": "",
        "Test_Split": false,
        "Tasks": [
            "fake news detection"
        ],
        "Venue_Title": "arXiv",
        "Venue_Type": "preprint",
        "Venue_Name": "",
        "Authors": [
            "TaichiMurayama",
            "ShoheiHisada",
            "MakotoUehara",
            "ShokoWakamiya",
            "EijiAramaki"
        ],
        "Affiliations": [
            "SANKEN",
            "Osaka University",
            "NARA Institute of Science and Technology"
        ],
        "Abstract": "Fake news provokes many societal problems; therefore, there has been extensive research on fake news detection tasks to counter it. Many fake news datasets were constructed as resources to facilitate this task. Contemporary research focuses almost exclusively on the factuality aspect of the news. However, this aspect alone is insufficient to explain \u201cfake news,\u201d which is a complex phenomenon that involves a wide range of issues. To fully understand the nature of each instance of fake news, it is important to observe it from various perspectives, such as the intention of the false news disseminator, the harmfulness of the news to our society, and the target of the news. We propose a novel annotationscheme with fine-grained labeling based on detailed investigations of existing fake news datasets to capture these various aspects of fake news. Using the annotationscheme, we construct and publish the first Japanese fake news dataset. The annotationscheme is expected to provide an in-depth understanding of fake news. We plan to build datasets for both Japanese and other languages using our scheme. Our Japanese dataset is published at https://hkefka385.github.io/dataset/fakenews-japanese/. Keywords: fakenews, misinformation, disinformation, socialmedia, computationalsocialscience, dataset",
        "Language": "jp",
        "Script": "Hiragana"
    },
    "validation": {
        "precision": 0.6169568346778479,
        "recall": 0.6382312082874289,
        "f1": 0.6274137301808623,
        "length": 0.9333333333333333
    },
    "cost": {
        "cost": 0,
        "input_tokens": 0,
        "output_tokens": 0
    },
    "config": {
        "model_name": "NuExtract-2.0-8B",
        "few_shot": 0,
        "link": "https://arxiv.org/pdf/2204.02718",
        "schema_name": "jp",
        "context": "all",
        "format": "pdf_plumber",
        "max_model_len": 8912,
        "max_output_len": 2048,
        "browse_web": false,
        "backend": "vllm"
    },
    "error": null
}