{
    "metadata": {
        "Name": "Japanese fake news dataset",
        "Volume": 10.0,
        "Unit": "sentences",
        "License": "unknown",
        "Link": "https://hkefka385.github.io/dataset/fakenews-japanese/",
        "HF_Link": "",
        "Year": 2025,
        "Domain": [
            "news articles"
        ],
        "Form": "text",
        "Collection_Style": [
            "crawling"
        ],
        "Description": "Japanese fake news dataset annotated with various dimensions of fake news.",
        "Ethical_Risks": "Medium",
        "Provider": [
            "SANKEN Osaka University",
            "NARA Institute of Science and Technology"
        ],
        "Derived_From": [],
        "Paper_Title": "Annotation-Scheme Reconstruction for u201cFake Newsu201d and Japanese Fake News Dataset",
        "Paper_Link": "https://arxiv.org/pdf/2504.21677",
        "Tokenized": false,
        "Host": "GitHub",
        "Access": "Free",
        "Cost": "",
        "Test_Split": true,
        "Tasks": [
            "fake news detection"
        ],
        "Venue_Title": "",
        "Venue_Type": "preprint",
        "Venue_Name": "",
        "Authors": [
            "Taichi Murayama",
            "Shohei Hisada",
            "Makoto Uehara",
            "Shoko Wakamiya",
            "Eiji Aramaki"
        ],
        "Affiliations": [
            "SANKEN Osaka University",
            "NARA Institute of Science and Technology"
        ],
        "Abstract": "Fake news provokes many societal problems; therefore, there has been extensive research on fake news detection tasks to counter it. Many fake news datasets were constructed as resources to facilitate this task. Contemporary research focuses almost exclusively on the factuality aspect of the news. However, this aspect alone is insufficient to explain u201cfake newsu201d, which is a complex phenomenon that involves a wide range of issues. To fully understand the nature of each instance of fake news, it is important to observe it from various perspectives, such as the intention of the false news disseminator, the harmfulness of the news to our society, and the target of the news. We propose a novel annotation scheme with fine-grained labeling based on detailed investigations of existing fake news datasets to capture these various aspects of fake news. Using the annotation scheme, we construct and publish the first Japanese fake news dataset. The annotation scheme is expected to provide an in-depth understanding of fake news. We plant to build datasets for both Japanese and other languages using our scheme. Our Japanese dataset is published at https://hkefka385.github.io/dataset/fakenews-japanese/.",
        "Language": "jp",
        "Script": "mixed"
    },
    "validation": {
        "precision": 0.6755117698322478,
        "recall": 0.6988052791368081,
        "f1": 0.6869611218633028,
        "length": 0.9666666666666667
    },
    "cost": {
        "cost": 0,
        "input_tokens": 0,
        "output_tokens": 0
    },
    "config": {
        "model_name": "gemma-3-4b-it-sft-8192v2",
        "few_shot": 0,
        "link": "https://arxiv.org/pdf/2204.02718",
        "schema_name": "jp",
        "context": "all",
        "format": "pdf_plumber",
        "max_model_len": 8192,
        "max_output_len": 2048,
        "browse_web": false,
        "backend": "vllm"
    },
    "error": null
}