{
    "metadata": {
        "Name": "fakenews-japanese",
        "Volume": 1000.0,
        "Unit": "sentences",
        "License": "unknown",
        "Link": "https://hkefka385.github.io/dataset/fakenews-japanese/",
        "HF_Link": "0",
        "Year": 2023,
        "Domain": [
            "news articles",
            "social media"
        ],
        "Form": "text",
        "Collection_Style": [
            "human annotation"
        ],
        "Description": "The first Japanese fake news dataset based on a comprehensive annotation scheme.",
        "Ethical_Risks": "Medium",
        "Provider": [
            "NARA Institute of Science and Technology"
        ],
        "Derived_From": [],
        "Paper_Title": "Annotation-Scheme Reconstruction for \u201cFake News\u201d and Japanese Fake News Dataset",
        "Paper_Link": "https://arxiv.org/pdf/2504.21677",
        "Tokenized": false,
        "Host": "GitHub",
        "Access": "Free",
        "Cost": "0",
        "Test_Split": false,
        "Tasks": [
            "machine translation",
            "sentiment analysis",
            "fake news detection"
        ],
        "Venue_Title": "",
        "Venue_Type": "",
        "Venue_Name": "",
        "Authors": [
            "Taichi Murayama",
            "Shohei Hisada",
            "Makoto Uehara",
            "Shoko Wakamiya",
            "Eiji Aramaki"
        ],
        "Affiliations": [
            "SANKEN Osaka University",
            "NARA Institute of Science and Technology"
        ],
        "Abstract": "Fake news has caused significant damage to various fields of society, such as the economy, politics, and health problems. For example, during the 2016 U.S. presidential election, 529 different low-credibility statements (Jin et al., 2017) were spread on Twitter. Moreover, 25% of the news outlets that were linked from tweets, which were either fake or extremely biased in supporting Trump or Clinton, potentially influenced the election (BovetandMakse,2019). Recently, the COVID-19 pandemic in 2020 resulted in the spread of disinformation and harmful content in the rapid influx of information, such as the relationship between the COVID-19 vaccine and infertility (Schraer, 2021). Fake news has become a significant crisis that threatens a wholesomesocietyandthesocialmediaecosystem. Previousstudieshaveproposedvarioustaskstocombat thesocialproblemscausedbythespreadoffakenews.Forexample,thefakenewsdetectiontaskaimstoclassify whetherthenewscontentthatisspreadfromnews articles and social media posts is false. Additionally, many fake news datasets have been constructed as resources to facilitate this task, e.g., FakeNewsNet(Shuetal.,2020),Twitter16(Maetal.,2017),andCoAID(CuiandLee,2020). These existing studies on fake news detection and the corresponding dataset construction have focused almost exclusively on the factuality as-pect of the news \u2013 Can we fully understand \u201cfake news\u201d and various events it causes based on these datasets given factuality labels? This is exactly the motivationbehindourwork.Topromoteunderstanding offakenews,weconsiderthatitisnecessarytoprovide equalcontribution \u2022 We identify issues that need to be resolved in datasetconstructionthroughacomprehensivesur-veyofexistingfakenewsdetectiondatasets. \u2022 We propose a novel annotation scheme to capture the news from various perspectives, instead ofonlyconsideringfactuality. \u2022 WeconstructthefirstJapanesefakenewsdataset basedontheannotationscheme. Thisstudymakesthefollowingcontributions:",
        "Language": "",
        "Script": ""
    },
    "validation": {
        "precision": 0.5065282085139609,
        "recall": 0.5239946984627182,
        "f1": 0.5151134323870789,
        "length": 0.9666666666666667
    },
    "cost": {
        "cost": 0,
        "input_tokens": 0,
        "output_tokens": 0
    },
    "config": {
        "model_name": "gemma-3-4b-it",
        "few_shot": 0,
        "link": "https://arxiv.org/pdf/2204.02718",
        "schema_name": "jp",
        "context": "all",
        "format": "pdf_plumber",
        "max_model_len": 8192,
        "max_output_len": 2048,
        "browse_web": false,
        "backend": "vllm"
    },
    "error": null
}