{
    "metadata": {
        "Name": "l k G T Q",
        "Volume": -0.82,
        "Unit": "sentences",
        "License": "CC BY 2.0",
        "Link": "https://www.q.com",
        "HF_Link": "https://www.V.com",
        "Year": 2019,
        "Domain": [
            "other",
            "web pages",
            "wikipedia",
            "captions",
            "books",
            "TV Channels",
            "commentary",
            "reviews",
            "news articles",
            "public datasets",
            "social media",
            "LLM"
        ],
        "Form": "audio",
        "Collection_Style": [
            "crawling",
            "human annotation",
            "LLM generated"
        ],
        "Description": "g q c Y w h A u F F Q U H C r l Q b F J l l Q S v E A S j h c m Y",
        "Ethical_Risks": "Low",
        "Provider": [],
        "Derived_From": [],
        "Paper_Title": "a E X H j i r B v t e H u A c Z p K P i t s i I N H M e v z Y x C B j a U W a h T D e B P n w M u a o C J v q K Y T z g I k l G l L A w P y L G M U l J",
        "Paper_Link": "https://www.a.com",
        "Tokenized": true,
        "Host": "ResearchGate",
        "Access": "With-Fee",
        "Cost": "",
        "Test_Split": false,
        "Tasks": [
            "sentiment analysis",
            "optical character recognition"
        ],
        "Venue_Title": "U",
        "Venue_Type": "conference",
        "Venue_Name": "g e d",
        "Authors": [],
        "Affiliations": [],
        "Abstract": "c I B f c h S Y p w j L A a m a w T T F X V A u q i C y a b l n x U W o J C U p x E v v k M Q H D T S b J b v k k w c L z T o Y Y t i g d c T s y w P u s J t I x D u n X E H o H C E C n I e q p w a k S P a F A f M s t t F R R q U d G K X v v G r Y s h r n Z U M o o h E l f U n G g o h o a s W G X x d h z l e n y v M W C e g u e C K p B Y i W v T t V T R r n f O u y e d R D i j s n h a X x I D K U r I a p b x S U I R y e y L l g Z x H Z K v C z x D q f Y U J w U y H W j N W v D r W r m u f i f K r b J p Q V E W W u L b G Y D p C t p x l y m a b w p c Q f q Q M w N n v Q q P w K j x g D g X V o q a Z D q Z n H w g n K m q j b c k e J T z p A L G i O U A K E i u Y c N G D z h F X A S J i Q i X i v Q s G I p v E A W L e J E B q O V q z L N o D T d R K R U M I e D b w e F b M I e g O M V s k X y D e P l X y i F m f z A K U l Q x g N u D a m E b g B l K U i t d W L h m F p i R o K u m S K v G h Y N Q k R q r I T J p Q h X K D k x w B N Q z G Q L F u d R k D k a u C n c O z c h K Z W Y x I e E M U e v o g m P C C l Q z R w a l F i z F u b d Q z e k q c F A O y C P R q f U O b d S u a D Z Z m M j Q F Q J R h o j g l e x r a k K c a S V b n s E G Y o u t R k V I z L k c T s T G E T p t R V O V C j S T p I a W s D J Q K r W l M A n A q B k n m S u S t q I v Q H K Y R r x T U C C e l g q a A a s f m I n a Q C T n q b A U a E m J W z T u l v I P J d P g f l j k k B S B I O Z o W k k P e U U K K y d r N E p i k B K X O K G Z F O u h t P A z k s M v j X W S z Z d I b r D z w W T U O k I t U r F R r g s o s Y S E R A W n U D f y q l O i G C C j K y D W Z F A Y b i K q z G u E q i H i i S O f M Q Q G B F q E P x f R p w I P H u f Y z w N M K Y R G g R A E C l C y U W Z B p e b o c L y Q R y z B I y X o b Y e j o R q I S C l A b t j u d I J P E g h Z K I z q S W m r q Z D M r q M Q h T H p k X B w p I a V G a d F m r T O A T E o Y d d U C T P M X r G V m a C w u u J B w J s z r B V f G j W Q v X",
        "Language": "jp",
        "Script": "Katakana"
    },
    "validation": {
        "precision": 0.2606994540684548,
        "recall": 0.2512982858179417,
        "f1": 0.25591255905001536,
        "length": 0.9666666666666667
    },
    "cost": {
        "cost": 0,
        "input_tokens": 0,
        "output_tokens": 0
    },
    "config": {
        "model_name": "baseline-random",
        "few_shot": 0,
        "link": "https://arxiv.org/pdf/2204.02718",
        "schema_name": "jp",
        "context": "all",
        "format": "pdf_plumber",
        "max_model_len": null,
        "max_output_len": null,
        "browse_web": false,
        "backend": "openrouter"
    },
    "error": null
}