{
    "metadata": {
        "Name": "D",
        "Volume": -0.71,
        "Unit": "sentences",
        "License": "unknown",
        "Link": "https://www.Q.com",
        "HF_Link": "https://www.o.com",
        "Year": 1951,
        "Domain": [
            "captions",
            "public datasets",
            "wikipedia",
            "reviews"
        ],
        "Form": "images",
        "Collection_Style": [
            "machine annotation",
            "LLM generated",
            "human annotation",
            "crawling",
            "manual curation",
            "other"
        ],
        "Description": "o I O e Q q K X",
        "Ethical_Risks": "Low",
        "Provider": [],
        "Derived_From": [],
        "Paper_Title": "F p f L Y A s x v B v",
        "Paper_Link": "https://www.f.com",
        "Tokenized": false,
        "Host": "QCRI Resources",
        "Access": "Free",
        "Cost": "m",
        "Test_Split": false,
        "Tasks": [
            "sentiment analysis",
            "speech recognition",
            "machine translation"
        ],
        "Venue_Title": "d",
        "Venue_Type": "conference",
        "Venue_Name": "Y H o O m",
        "Authors": [],
        "Affiliations": [],
        "Abstract": "K h F O v E n q Q z x g t B m Q t m q Q V X a N B g m o v y W d K S s m l p h C n b m Q v T X m D T E i m Z p T P M L P S d i A l B z g e a Q e Y Z M x o v r u L U i m k c S A d x x O N g G A a h I t Y A J g y M R k u y w y p Q V s H t E K A J N R j l A A Q A U O A Q y r w x H c L Y x d k f n P a T W j j Y s Q a Z a F W R q Q u z s s E O K N a B s k V k j j I F A E W S V c U b H W A v r V W G L r h Y I o Y F r U e P i f n L F v i W N J Q O f O R M z J f N n O H A B d c a O h g u Y U q Q e u E Z c v V b F u D K v U X Z c R T h W g k X R D o n u a H c O d a o O R A W f r M q h E d t n r z B e q t u y w d l H R A h d i t D I B D s I L u Q M V y r O b t Y r A m e f w G C A f c s X j o z V X a H m I M U J S O i c M B Z i u o T z V K Z F Y j w E Y D S G A u t p k Y B T U W m r G q h N C B K f V y J F F K e z k u A s v M c X F i C e A J v q J W T u S f d Z N F D q U S z l J L Z P e Z S E r M F e D b P Q L e E u g U W V B S k p V E l g l z p M o e U I Y j T a B y g Q o U K S T P M a h k E a g z c q l j q T m H M J j s o C Y l C d t X V e S L V x v U B N j d w r A r S M t g K C h b G A D v y u e B g J M i k m F v U C B l e W f g k D H w u H n P H F b r N k H Y w A l a m y F R p r L I L T e g z F I l h V m a o A G M h A q L s Q j Z B w L t b w o I B R z i h D n l W h V B W R p y e t W f m c S J E y n E K P i G J E L A X H G a h F N h H i N Q G d o o y O E Z K h Y d r H u b p m O E h T l q T N v B Y K L I Z W p x H m H U p t x u H c O o G w F D A i a f u n z y A g z X i a r K S f b q G V r O g H m N V w J s S v E Z C x e X B K I m H f c R F p B D J a h e N x k t I x C W u f f L q f O U f G M m R J x i n R i K D D a g q G t n t y E D t w P E Y F o A y S M T L n o i T U q b y O K J b f L Q j Q X F C b v y X w a D d Z I L K W v o e b y M M a G R T O v K K d c r H t H N O o Y C G H J i J w Y L Y Z R E F",
        "Subsets": [],
        "Dialect": "Oman",
        "Language": "multilingual",
        "Script": "Latin"
    },
    "validation": {
        "precision": 0.3045957938167903,
        "recall": 0.31656884673790964,
        "f1": 0.3104669289729416,
        "length": 0.96875
    },
    "cost": {
        "cost": 0,
        "input_tokens": 0,
        "output_tokens": 0
    },
    "config": {
        "model_name": "baseline-random",
        "few_shot": 0,
        "link": "https://arxiv.org/pdf/2402.12840",
        "schema_name": "ar",
        "context": "all",
        "format": "pdf_plumber",
        "version": "2.0",
        "max_model_len": null,
        "max_output_len": null,
        "browse_web": false,
        "backend": "openrouter"
    },
    "error": null
}