{
    "metadata": {
        "Name": "POLYGLOT-NER",
        "Volume": 0.0,
        "Unit": "sentences",
        "License": "unknown",
        "Link": "",
        "HF_Link": "",
        "Year": 2013,
        "Domain": [
            "wikipedia"
        ],
        "Form": "text",
        "Collection_Style": [
            "crawling",
            "machine annotation"
        ],
        "Description": "build a massively multilingual Named Entity Recognition (NER) system.",
        "Ethical_Risks": "Low",
        "Provider": [
            "Stony Brook University"
        ],
        "Derived_From": [],
        "Paper_Title": "POLYGLOT-NER: Massive Multilingual Named Entity Recognition",
        "Paper_Link": "",
        "Tokenized": false,
        "Host": "other",
        "Access": "Free",
        "Cost": "",
        "Test_Split": false,
        "Tasks": [
            "named entity recognition"
        ],
        "Venue_Title": "",
        "Venue_Type": "preprint",
        "Venue_Name": "",
        "Authors": [
            "Rami Al-Rfou",
            "Vivek Kulkarni",
            "Bryan Perozzi",
            "Steven Skiena"
        ],
        "Affiliations": [
            "Department of Computer Science, Stony Brook University"
        ],
        "Abstract": "The increasing diversity of languages used on the web introduces a new level of complexity to Information Retrieval (IR) systems. We can no longer assume that textual content is written in one language or even the same language family. In this paper, we demonstrate how to build massive multilingual Named Entity Recognition (NER) annotators with minimal human expertise and intervention. We describe a system that builds Named Entity Recognition (NER) annotators for 40 major languages using Wikipedia and Freebase. Our approach does not require NER human annotated datasets or language specific resources like treebanks, parallel corpora, and orthographic rules. The novelty of approach lies therein-using only language agnostic techniques, while achieving competitive performance. Our work addresses these drawbacks by relying on language-independent techniques. We use neural word embeddings, Wikipedia link structure, and Freebase attributes to automatically construct NER annotators for 40 major languages. First, we learn neural word embeddings which encode semantic and syntactic features of words in each language. Second, we use the internal links embedded in Wikipedia articles to detect named entity mentions. When a link points to an article identified by Freebase as an entity article, we include the anchor text as a positive training example. However, not all entity mentions are linked in Wikipedia because of style guidelines. To address this problem, we propose oversampling and surface word matching to solve this positive-only label learning problem [10, 16\u201318] while avoiding any language-specific dependencies. Lack of human annotated datasets not only limits quality of training but also system evaluation. We evaluate on standard NER datasets if they are available. For the remaining languages, we proposed distant evaluation based on statistical machine translation (SMT) to generate testing datasets that provide insightful analysis of the system performance. In summary, our contributions are the following: Language-independent extraction-for noisy datasets. Our proposed language-agnostic techniques address noise introduced by Wikipedia style guidelines, boosting the performance by at least 45% F on human annotated gold standards. 40 NER annotators - We are releasing the trained models as open source software. These annotators are invaluable, especially for resources scarce languages, like Serbian, Indonesian, Thai, Malay and Hebrew. Distant Evaluation - We propose a technique based on statistical machine translation to scale our evaluation in the absence of human annotated datasets.",
        "Subsets": [],
        "Dialect": "",
        "Language": "multilingual",
        "Script": ""
    },
    "validation": {
        "precision": 0.6396134610434805,
        "recall": 0.698705230135655,
        "f1": 0.6678547844273208,
        "length": 0.96875
    },
    "cost": {
        "cost": 0.0016384,
        "input_tokens": 16012,
        "output_tokens": 803
    },
    "config": {
        "model_name": "google_gemma-3-27b-it",
        "few_shot": 0,
        "link": "https://arxiv.org/pdf/1410.3791",
        "schema_name": "ar",
        "context": "all",
        "format": "pdf_plumber",
        "max_model_len": null,
        "max_output_len": null,
        "browse_web": false,
        "backend": "openrouter"
    },
    "error": null
}