{
    "metadata": {
        "Name": "POLYGLOT-NER",
        "Volume": 0.0,
        "Unit": "sentences",
        "License": "unknown",
        "Link": "https://bit.ly/polyglot-ner",
        "HF_Link": "",
        "Year": 2014,
        "Domain": [
            "wikipedia"
        ],
        "Form": "text",
        "Collection_Style": [
            "crawling",
            "machine annotation"
        ],
        "Description": "Massive multilingual NER dataset for 40 languages extracted from Wikipedia and Freebase.",
        "Ethical_Risks": "Low",
        "Provider": [
            "Stony Brook University"
        ],
        "Derived_From": [
            "Wikipedia",
            "Freebase"
        ],
        "Paper_Title": "POLYGLOT-NER: Massive Multilingual Named Entity Recognition",
        "Paper_Link": "https://arxiv.org/pdf/1410.3791",
        "Tokenized": false,
        "Host": "other",
        "Access": "Free",
        "Cost": "",
        "Test_Split": false,
        "Tasks": [
            "named entity recognition"
        ],
        "Venue_Title": "arXiv",
        "Venue_Type": "preprint",
        "Venue_Name": "",
        "Authors": [
            "Rami Al-Rfou",
            "Vivek Kulkarni",
            "Bryan Perozzi",
            "Steven Skiena"
        ],
        "Affiliations": [
            "Stony Brook University"
        ],
        "Abstract": "The increasing diversity of languages used on the web introduces a new level of complexity to Information Retrieval (IR) systems. We can no longer assume that textual content is written in one language or even the same language family. In this paper, we demonstrate how to build massive multilingual named entity recognition (NER) annotators for 40 major languages using Wikipedia and Freebase without requiring human-annotated datasets or language-specific resources. Our approach relies only on language-agnostic techniques while achieving competitive performance.",
        "Subsets": [],
        "Dialect": "mixed",
        "Language": "multilingual",
        "Script": "Arab"
    },
    "validation": {
        "precision": 0.7591692777025048,
        "recall": 0.8336974597729315,
        "f1": 0.7946898299368748,
        "length": 1.0
    },
    "cost": {
        "cost": 0.0052293163,
        "input_tokens": 16009,
        "output_tokens": 397
    },
    "config": {
        "model_name": "moonshotai/kimi-k2-0905",
        "few_shot": 0,
        "link": "https://arxiv.org/pdf/1410.3791",
        "schema_name": "ar",
        "context": "all",
        "format": "pdf_plumber",
        "version": "2.0",
        "max_model_len": null,
        "max_output_len": null,
        "browse_web": false,
        "backend": "openrouter"
    },
    "error": null
}