{
    "metadata": {
        "Name": "POLYGLOT-NER",
        "Volume": 0.0,
        "Unit": "sentences",
        "License": "",
        "Link": "",
        "HF_Link": "",
        "Year": 2023,
        "Domain": [
            "public datasets"
        ],
        "Form": "text",
        "Collection_Style": [
            "other"
        ],
        "Description": "The paper presents a system for building massively multilingual Named Entity Recognition (NER) using language-agnostic techniques.",
        "Ethical_Risks": "Low",
        "Provider": [],
        "Derived_From": [],
        "Paper_Title": "POLYGLOT-NER: Massive Multilingual Named Entity Recognition",
        "Paper_Link": "",
        "Tokenized": false,
        "Host": "other",
        "Access": "Free",
        "Cost": "",
        "Test_Split": false,
        "Tasks": [
            "named entity recognition"
        ],
        "Venue_Title": "viXra",
        "Venue_Type": "preprint",
        "Venue_Name": "",
        "Authors": [
            "RamiAl-Rfou",
            "VivekKulkarni",
            "BryanPerozzi",
            "StevenSkiena"
        ],
        "Affiliations": [
            "Department of Computer Science, Stony Brook University"
        ],
        "Abstract": "The increasing diversity of languages used on the web introduces a new level of complexity to Information Retrieval (IR) systems. We cannot longer assume that textual content is written in one language or the same language family. In this paper, we demonstrate how to build massive multilingual annotators with minimal human expertise and intervention. We describe a system that builds Named Entity Recognition (NER) using only language agnostic techniques, while achieving competitive performance. Our work addresses the drawbacks of requiring human annotated datasets or language specific resources.",
        "Subsets": [],
        "Dialect": "Modern Standard Arabic",
        "Language": "ar",
        "Script": "Arab"
    },
    "validation": {
        "precision": 0.5399711753369422,
        "recall": 0.6111631044312859,
        "f1": 0.5733657065425604,
        "length": 0.96875
    },
    "cost": {
        "cost": 0,
        "input_tokens": 0,
        "output_tokens": 0
    },
    "config": {
        "model_name": "NuExtract-2.0-8B",
        "few_shot": 0,
        "link": "https://arxiv.org/pdf/1410.3791",
        "schema_name": "ar",
        "context": "all",
        "format": "pdf_plumber",
        "max_model_len": 8912,
        "max_output_len": 2048,
        "browse_web": false,
        "backend": "vllm"
    },
    "error": null
}