{
    "metadata": {
        "Name": "POLYGLOT-NER",
        "Volume": 40.0,
        "Unit": "sentences",
        "License": "unknown",
        "Link": "https://bit.ly/polyglot-ner",
        "HF_Link": "",
        "Year": 2025,
        "Domain": [
            "wikipedia",
            "wikipedia"
        ],
        "Form": "text",
        "Collection_Style": [
            "crawling",
            "machine annotation"
        ],
        "Description": "A massively multilingual Named Entity Recognition system.",
        "Ethical_Risks": "Low",
        "Provider": [
            "Stony Brook University"
        ],
        "Derived_From": [],
        "Paper_Title": "POLYGLOT-NER: Massive Multilingual Named Entity Recognition",
        "Paper_Link": "",
        "Tokenized": false,
        "Host": "other",
        "Access": "Free",
        "Cost": "",
        "Test_Split": false,
        "Tasks": [
            "named entity recognition"
        ],
        "Venue_Title": "",
        "Venue_Type": "preprint",
        "Venue_Name": "",
        "Authors": [
            "Rami Al-Rfou",
            "Vivek Kulkarni",
            "Bryan Perozzi",
            "Steven Skiena"
        ],
        "Affiliations": [
            "Department of Computer Science, Stony Brook University"
        ],
        "Abstract": "The increasing diversity of languages used on the web introduces a new level of complexity to Information Retrieval (IR) systems. We cannot longer assume that textual content is written in one language or even the same language family. In this paper, we demonstrate how to build massive multilingual annotators with minimal human expertise and intervention. We describe a system that builds Named Entity Recognition (NER) annotators for 40 major languages using Wikipedia and Freebase. Our approach does not require NER human annotated datasets or language specific resources like treebanks, parallel corpora, and orthographic rules. The novelty of approach lies in using only language agnostic techniques, while achieving competitive performance. Our method learns distributed word representations (word embeddings) which encodes semantic and syntactic features of words in each language. Then, we automatically generated datasets from automatically construct NER annotators for 40 major languages. First, we learn neural word embeddings which encode semantic and syntactic features of words in each language. Second, we use the internal links embedded in Wikipedia articles to detect named entity mentions. When a link points to an article identified by Freebase as an entity article, we include the anchor text as a positive training example. However, not all entity mentions are linked in Wikipedia because of style guidelines. To address this problem, we propose oversampling and surface word matching to solve this positive-only label learning problem while avoiding any language-specific dependencies.",
        "Subsets": [],
        "Dialect": "mixed",
        "Language": "en",
        "Script": "Latin"
    },
    "validation": {
        "precision": 0.6186974195816164,
        "recall": 0.6538933213804984,
        "f1": 0.6358086658934929,
        "length": 0.96875
    },
    "cost": {
        "cost": 0,
        "input_tokens": 0,
        "output_tokens": 0
    },
    "config": {
        "model_name": "gemma-3-4b-it-sft-16384",
        "few_shot": 0,
        "link": "https://arxiv.org/pdf/1410.3791",
        "schema_name": "ar",
        "context": "all",
        "format": "pdf_plumber",
        "max_model_len": 16384,
        "max_output_len": 2048,
        "browse_web": false,
        "backend": "vllm"
    },
    "error": null
}