{
    "metadata": {
        "Name": "POLYGLOT-NER",
        "Volume": 100000.0,
        "Unit": "sentences",
        "License": "unknown",
        "Link": "https://bit.ly/polyglot-ner",
        "HF_Link": "",
        "Year": 2013,
        "Domain": [
            "wikipedia"
        ],
        "Form": "text",
        "Collection_Style": [
            "crawling",
            "machine annotation"
        ],
        "Description": "Multilingual NER dataset covering 40 languages using Wikipedia and Freebase.",
        "Ethical_Risks": "Low",
        "Provider": [
            "Stony Brook University"
        ],
        "Derived_From": [
            "Wikipedia",
            "Freebase"
        ],
        "Paper_Title": "POLYGLOT-NER: Massive Multilingual Named Entity Recognition",
        "Paper_Link": "https://arxiv.org/pdf/1410.3791",
        "Tokenized": false,
        "Host": "other",
        "Access": "Free",
        "Cost": "",
        "Test_Split": true,
        "Tasks": [
            "named entity recognition"
        ],
        "Venue_Title": "arXiv",
        "Venue_Type": "preprint",
        "Venue_Name": "",
        "Authors": [
            "Rami Al-Rfou",
            "Vivek Kulkarni",
            "Bryan Perozzi",
            "Steven Skiena"
        ],
        "Affiliations": [
            "Stony Brook University"
        ],
        "Abstract": "The increasing diversity of languages used on the web introduces a new level of complexity to Information Retrieval (IR) systems. We can no longer assume that textual content is written in one language or even the same language family. In this paper, we demonstrate how to build massive multilingual annotators with minimal human expertise and intervention. We describe a system that builds Named Entity Recognition (NER) annotators for 40 major languages using Wikipedia and Freebase. Our approach does not require NER human annotated datasets or language specific resources like treebanks, parallel corpora, and orthographic rules. The novelty of approach lies therein - using only language agnostic techniques, while achieving competitive performance.",
        "Subsets": [
            {
                "Name": "Arabic",
                "Volume": 15600,
                "Unit": "sentences",
                "Dialect": "Modern Standard Arabic"
            }
        ],
        "Dialect": "Modern Standard Arabic",
        "Language": "ar",
        "Script": "Arab"
    },
    "validation": {
        "precision": 0.690899412964646,
        "recall": 0.7459120386683894,
        "f1": 0.7173525643236228,
        "length": 0.96875
    },
    "cost": {
        "cost": 0.002681726112,
        "input_tokens": 16012,
        "output_tokens": 508
    },
    "config": {
        "model_name": "moonshotai/kimi-k2",
        "few_shot": 0,
        "link": "https://arxiv.org/pdf/1410.3791",
        "schema_name": "ar",
        "context": "all",
        "format": "pdf_plumber",
        "max_model_len": null,
        "max_output_len": null,
        "browse_web": false,
        "backend": "openrouter"
    },
    "error": null
}