{
    "metadata": {
        "Name": "POLYGLOT-NER",
        "Volume": 0.0,
        "Unit": "sentences",
        "License": "unknown",
        "Link": "https://bit.ly/polyglot-ner",
        "HF_Link": "",
        "Year": 2020,
        "Domain": [
            "wikipedia",
            "other"
        ],
        "Form": "text",
        "Collection_Style": [
            "crawling",
            "manual curation"
        ],
        "Description": "A massively multilingual Named Entity Recognition (NER) system.",
        "Ethical_Risks": "Low",
        "Provider": [
            "StonyBrookUniversity"
        ],
        "Derived_From": [],
        "Paper_Title": "POLYGLOT-NER: Massive Multilingual Named Entity Recognition",
        "Paper_Link": "",
        "Tokenized": false,
        "Host": "other",
        "Access": "Free",
        "Cost": "",
        "Test_Split": true,
        "Tasks": [
            "named entity recognition"
        ],
        "Venue_Title": "",
        "Venue_Type": "preprint",
        "Venue_Name": "",
        "Authors": [
            "Rami Al-Rfou",
            "Vivek Kulkarni",
            "Bryan Perozzi",
            "Steven Skiena"
        ],
        "Affiliations": [
            "Department of Computer Science, Stony Brook University"
        ],
        "Abstract": "The increasing diversity of languages used on the web introduces a new level of complexity to Information Retrieval (IR) systems. We address NER rely on supervised learning. Applying these approaches to a massively multilingual setting exposes two major drawbacks; First, they require human annotated datasets which are scarce. Second, to design relevant features, sufficient linguistic proficiency is required for each language of interest. This makes building multilingual NER annotators and tedious and cumbersome. Our method learns distributed word embeddings which encodes semantic and syntactic features of words in each language. Then, we automatically generate datasets from Wikipedia link structure and Freebase attributes. Finally, we apply two preprocessing stages (oversampling and exact surface form matching) which do not require any linguistic expertise.",
        "Subsets": [],
        "Dialect": "",
        "Language": "multilingual",
        "Script": ""
    },
    "validation": {
        "precision": 0.5597648995785203,
        "recall": 0.5784598557742315,
        "f1": 0.5689588485137408,
        "length": 0.96875
    },
    "cost": {
        "cost": 0,
        "input_tokens": 0,
        "output_tokens": 0
    },
    "config": {
        "model_name": "gemma-3-4b-it-sft-8192v2",
        "few_shot": 0,
        "link": "https://arxiv.org/pdf/1410.3791",
        "schema_name": "ar",
        "context": "all",
        "format": "pdf_plumber",
        "max_model_len": 8192,
        "max_output_len": 2048,
        "browse_web": false,
        "backend": "vllm"
    },
    "error": null
}