{
    "metadata": {
        "Name": "POLYGLOT-NER",
        "Volume": 0.0,
        "Unit": "sentences",
        "License": "",
        "Link": "",
        "HF_Link": "",
        "Year": 2025,
        "Domain": [
            "LLM"
        ],
        "Form": "text",
        "Collection_Style": [
            "machine annotation"
        ],
        "Description": "A system for building massive multilingual Named Entity Recognition (NER) annotators using language-agnostic techniques.",
        "Ethical_Risks": "",
        "Provider": [],
        "Derived_From": [],
        "Paper_Title": "POLYGLOT-NER: Massive Multilingual Named Entity Recognition",
        "Paper_Link": "",
        "Tokenized": true,
        "Host": "",
        "Access": "",
        "Cost": "",
        "Test_Split": true,
        "Tasks": [
            "named entity recognition"
        ],
        "Venue_Title": "",
        "Venue_Type": "",
        "Venue_Name": "",
        "Authors": [
            "RamiAl-Rfou",
            "VivekKulkarni",
            "BryanPerozzi",
            "StevenSkiena"
        ],
        "Affiliations": [
            "StonyBrookUniversity"
        ],
        "Abstract": "The increasing diversity of languages used on the web introduces a new level of complexity to Information Retrieval (IR) systems. Current multilingual text-based Information Retrieval (IR) systems are restricted to simple processing stages based on word's surface forms and frequency. This paper demonstrates how to build a massively multilingual Named Entity Recognition (NER) system using only language-agnostic techniques, achieving competitive performance despite the lack of human annotated datasets.",
        "Subsets": [],
        "Dialect": "",
        "Language": "multilingual",
        "Script": ""
    },
    "validation": {
        "precision": 0.37052497137594587,
        "recall": 0.4342719633612107,
        "f1": 0.399873806294604,
        "length": 0.96875
    },
    "cost": {
        "cost": 0,
        "input_tokens": 0,
        "output_tokens": 0
    },
    "config": {
        "model_name": "NuExtract-2.0-4B",
        "few_shot": 0,
        "link": "https://arxiv.org/pdf/1410.3791",
        "schema_name": "ar",
        "context": "all",
        "format": "pdf_plumber",
        "max_model_len": 8912,
        "max_output_len": 2048,
        "browse_web": false,
        "backend": "vllm"
    },
    "error": null
}