{
    "metadata": {
        "Name": "POLYGLOT-NER",
        "Volume": 40.0,
        "Unit": "sentences",
        "License": "unknown",
        "Link": "https://bit.ly/polyglot-ner",
        "HF_Link": "{'answer_type': 'url', 'answer_min': 0, 'answer_max': 1}",
        "Year": 2019,
        "Domain": [
            "web pages",
            "public datasets"
        ],
        "Form": "text",
        "Collection_Style": [
            "crawling",
            "automatic",
            "oversampling",
            "exact surface form matching"
        ],
        "Description": "A system that builds Named Entity Recognition (NER) annotators for 40 major languages using Wikipedia and Freebase.",
        "Ethical_Risks": "Low",
        "Provider": [
            "StonyBrookUniversity"
        ],
        "Derived_From": [],
        "Paper_Title": "POLYGLOT-NER: Massive Multilingual Named Entity Recognition",
        "Paper_Link": "https://arxiv.org/pdf/1901.09321.pdf",
        "Tokenized": false,
        "Host": "HuggingFace",
        "Access": "Free",
        "Cost": "",
        "Test_Split": false,
        "Tasks": [
            "named entity recognition",
            "information extraction"
        ],
        "Venue_Title": "",
        "Venue_Type": "preprint",
        "Venue_Name": "",
        "Authors": [
            "RamiAl-Rfou",
            "VivekKulkarni",
            "BryanPerozzi",
            "StevenSkiena"
        ],
        "Affiliations": [
            "DepartmentofComputerScience",
            "StonyBrookUniversity"
        ],
        "Abstract": "In NLP and Information Retrieval (IR) systems, where it is used for a variety of purposes (e.g, event extraction or knowledge base population). Successful approaches to addressNERrelyonsupervisedlearning[5,12]. Applying theseapproachestoamassivelymultilingualsettingexposes twomajordrawbacks; First,theyrequirehumanannotated datasetswhicharescarce.Second,todesignrelevantfeatures, sufficientlinguisticproficiencyisrequiredforeachlanguage ofinterest. ThismakesbuildingmultilingualNERannotators adiousandcumbersomeprocess.",
        "Subsets": [],
        "Dialect": "",
        "Language": "",
        "Script": ""
    },
    "validation": {
        "precision": 0.5485434960171842,
        "recall": 0.5212391563608824,
        "f1": 0.5345428783232872,
        "length": 0.9375
    },
    "cost": {
        "cost": 0,
        "input_tokens": 0,
        "output_tokens": 0
    },
    "config": {
        "model_name": "gemma-3-4b-it",
        "few_shot": 0,
        "link": "https://arxiv.org/pdf/1410.3791",
        "schema_name": "ar",
        "context": "all",
        "format": "pdf_plumber",
        "max_model_len": 8192,
        "max_output_len": 2048,
        "browse_web": false,
        "backend": "vllm"
    },
    "error": null
}