{
    "metadata": {
        "Name": "POLYGLOT-NER",
        "Volume": 0.0,
        "Unit": "sentences",
        "License": "unknown",
        "Link": "https://bit.ly/polyglot-ner",
        "HF_Link": "",
        "Year": 2014,
        "Domain": [
            "wikipedia",
            "public datasets"
        ],
        "Form": "text",
        "Collection_Style": [
            "crawling",
            "machine annotation"
        ],
        "Description": "Massive multilingual named entity recognition dataset derived from Wikipedia and Freebase for 40 languages including Arabic.",
        "Ethical_Risks": "Medium",
        "Provider": [
            "Stony Brook University"
        ],
        "Derived_From": [
            "Wikipedia",
            "Freebase"
        ],
        "Paper_Title": "POLYGLOT-NER: Massive Multilingual Named Entity Recognition",
        "Paper_Link": "https://arxiv.org/pdf/1410.3791",
        "Tokenized": false,
        "Host": "other",
        "Access": "Free",
        "Cost": "",
        "Test_Split": false,
        "Tasks": [
            "named entity recognition"
        ],
        "Venue_Title": "arXiv",
        "Venue_Type": "preprint",
        "Venue_Name": "",
        "Authors": [
            "Rami Al-Rfou",
            "Vivek Kulkarni",
            "Bryan Perozzi",
            "Steven Skiena"
        ],
        "Affiliations": [
            "Department of Computer Science, Stony Brook University"
        ],
        "Abstract": "The increasing diversity of languages used on the web introduces a new level of complexity to Information Retrieval (IR) systems. We can no longer assume that textual content is written in one language or even the same language family. In this paper, we demonstrate how to build massive multilingual annotators with minimal human expertise and intervention. We describe a system that builds Named Entity Recognition (NER) annotators for 40 major languages using Wikipedia and Freebase. Our approach does not require NER human annotated datasets or language specific resources like treebanks, parallel corpora, and orthographic rules. The novelty of approach lies therein - using only language agnostic techniques, while achieving competitive performance. Our work addresses these drawbacks by relying on language-independent techniques. We use neural word embeddings, Wikipedia link structure, and Freebase attributes to automatically construct NER annotators for 40 major languages. First, we learn neural word embeddings which encode semantic and syntactic features of words in each language. Second, we use the internal links embedded in Wikipedia articles to detect named entity mentions. When a link points to an article identified by Freebase as an entity article, we include the anchor text as a positive training example. However, not all entity mentions are linked in Wikipedia because of style guidelines. To address this problem, we propose oversampling and surface word matching to solve this positive-only label learning problem while avoiding any language-specific dependencies. Our evaluation is twofold: First, we demonstrate the system performance on human annotated datasets. Second, for languages where no gold-standard benchmarks are available, we propose a new method, distant evaluation, based on statistical machine translation.",
        "Subsets": [],
        "Dialect": "mixed",
        "Language": "multilingual",
        "Script": "Arab"
    },
    "validation": {
        "precision": 0.6844893274202666,
        "recall": 0.7381071234116667,
        "f1": 0.7102877954921136,
        "length": 0.96875
    },
    "cost": {
        "cost": 0.09229725,
        "input_tokens": 16012,
        "output_tokens": 669
    },
    "config": {
        "model_name": "x-ai/grok-4",
        "few_shot": 0,
        "link": "https://arxiv.org/pdf/1410.3791",
        "schema_name": "ar",
        "context": "all",
        "format": "pdf_plumber",
        "max_model_len": null,
        "max_output_len": null,
        "browse_web": false,
        "backend": "openrouter"
    },
    "error": null
}