{
    "metadata": {
        "Name": "POLYGLOT-NER: Massive Multilingual Named Entity Recognition",
        "Volume": 0.0,
        "Unit": "",
        "License": "",
        "Link": "",
        "HF_Link": "",
        "Year": 2025,
        "Domain": [
            "social media",
            "news articles",
            "reviews",
            "commentary",
            "books",
            "wikipedia",
            "web pages",
            "public datasets",
            "TV Channels",
            "captions",
            "LLM",
            "other"
        ],
        "Form": "text",
        "Collection_Style": [
            "crawling",
            "human annotation",
            "machine annotation",
            "manual curation",
            "LLM generated",
            "other"
        ],
        "Description": "",
        "Ethical_Risks": "",
        "Provider": [],
        "Derived_From": [],
        "Paper_Title": "",
        "Paper_Link": "",
        "Tokenized": false,
        "Host": "",
        "Access": "",
        "Cost": "",
        "Test_Split": false,
        "Tasks": [
            "named entity recognition",
            "text generation",
            "language modeling",
            "cross-lingual information retrieval",
            "dialect identification",
            "speaker identification",
            "transliteration",
            "morphological analysis",
            "offensive language detection",
            "review classification",
            "gender identification",
            "fake news detection",
            "dependency parsing",
            "irony detection",
            "meter classification",
            "natural language inference",
            "instruction tuning",
            "linguistic acceptability",
            "word prediction",
            "image captioning",
            "word similarity",
            "grammatical error correction",
            "intent classification",
            "sign language recognition",
            "optical character recognition",
            "fill-in-the blank",
            "relation extraction",
            "stance detection",
            "emotion classification",
            "semantic parsing",
            "text to SQL",
            "lexicon analysis",
            "embedding evaluation",
            "other"
        ],
        "Venue_Title": "",
        "Venue_Type": "",
        "Venue_Name": "",
        "Authors": [
            "RamiAl-Rfou",
            "VivekKulkarni",
            "BryanPerozzi",
            "StevenSkiena"
        ],
        "Affiliations": [
            "Department of Computer Science, Stony Brook University"
        ],
        "Abstract": "In this paper, we demonstrate how to build a massively multilingual Named Entity Recognition system. The system leverages Wikipedia and Freebase datasets to learn word embeddings and automatically generate datasets from Wikipedia article links. This approach addresses the challenges of building multilingual NER annotators and requires minimal human expertise.",
        "Subsets": [],
        "Dialect": "mixed",
        "Language": "multilingual",
        "Script": "Arab"
    },
    "validation": {
        "precision": 0.33661197453309893,
        "recall": 0.3908633274023666,
        "f1": 0.36171475803905506,
        "length": 0.90625
    },
    "cost": {
        "cost": 0,
        "input_tokens": 0,
        "output_tokens": 0
    },
    "config": {
        "model_name": "NuExtract-2.0-2B",
        "few_shot": 0,
        "link": "https://arxiv.org/pdf/1410.3791",
        "schema_name": "ar",
        "context": "all",
        "format": "pdf_plumber",
        "max_model_len": 8912,
        "max_output_len": 2048,
        "browse_web": false,
        "backend": "vllm"
    },
    "error": null
}