{
    "metadata": {
        "Name": "JTubeSpeech",
        "Volume": 1300.0,
        "Unit": "hours",
        "License": "unknown",
        "Link": "https://github.com/sarulab-speech/jtubespeech",
        "HF_Link": "",
        "Year": 2021,
        "Domain": [
            "web pages"
        ],
        "Form": "audio",
        "Collection_Style": [
            "crawling",
            "machine annotation"
        ],
        "Description": "A large-scale Japanese speech corpus collected from YouTube videos and subtitles for speech recognition and speaker verification.",
        "Ethical_Risks": "Medium",
        "Provider": [
            "The University of Tokyo",
            "Technical University of Munich",
            "Tokyo Metropolitan University",
            "Carnegie Mellon University"
        ],
        "Derived_From": [],
        "Paper_Title": "JTUBESPEECH: CORPUS OF JAPANESE SPEECH COLLECTED FROM YOUTUBE FOR SPEECH RECOGNITION AND SPEAKER VERIFICATION",
        "Paper_Link": "https://arxiv.org/pdf/2109.12332.pdf",
        "Tokenized": false,
        "Host": "GitHub",
        "Access": "Free",
        "Cost": "",
        "Test_Split": true,
        "Tasks": [
            "speech recognition",
            "speaker identification"
        ],
        "Venue_Title": "arXiv",
        "Venue_Type": "preprint",
        "Venue_Name": "arXiv",
        "Authors": [
            "Shinnosuke Takamichi",
            "Ludwig K\u00fcrzinger",
            "Takaaki Saeki",
            "Sayaka Shiota",
            "Shinji Watanabe"
        ],
        "Affiliations": [
            "The University of Tokyo",
            "Technical University of Munich",
            "Tokyo Metropolitan University",
            "Carnegie Mellon University"
        ],
        "Abstract": "In this paper, we construct a new Japanese speech corpus called \u201cJTubeSpeech.\u201d Although recent end-to-end learning requires large-size speech corpora, open-sourced such corpora for languages other than English have not yet been established. In this paper, we describe the construction of a corpus from YouTube videos and subtitles for speech recognition and speaker verification. Our method can automatically filter the videos and subtitles with almost no language-dependent processes. We consistently employ Connectionist Temporal Classification (CTC)-based techniques for automatic speech recognition (ASR) and a speaker variation-based method for automatic speaker verification (ASV). We build 1) a large-scale Japanese ASR benchmark with more than 1,300 hours of data and 2) 900 hours of data for Japanese ASV.",
        "Language": "jp",
        "Script": "mixed"
    },
    "validation": {
        "precision": 0.7646970219666669,
        "recall": 0.8193182378214289,
        "f1": 0.7910658847931037,
        "length": 0.9666666666666667
    },
    "cost": {
        "cost": 0.069084,
        "input_tokens": 11641,
        "output_tokens": 552
    },
    "config": {
        "model_name": "x-ai/grok-4",
        "few_shot": 0,
        "link": "https://arxiv.org/pdf/2112.09323",
        "schema_name": "jp",
        "context": "all",
        "format": "pdf_plumber",
        "max_model_len": null,
        "max_output_len": null,
        "browse_web": false,
        "backend": "openrouter"
    },
    "error": null
}