{
    "metadata": {
        "Name": "N o z F D",
        "Volume": -0.5,
        "Unit": "tokens",
        "License": "CC BY-SA 2.0",
        "Link": "https://www.p.com",
        "HF_Link": "https://www.W.com",
        "Year": 1991,
        "Domain": [
            "wikipedia",
            "commentary",
            "news articles",
            "other",
            "public datasets",
            "web pages",
            "captions",
            "reviews"
        ],
        "Form": "audio",
        "Collection_Style": [
            "human annotation",
            "machine annotation",
            "other",
            "LLM generated"
        ],
        "Description": "l x h Y V a k",
        "Ethical_Risks": "Low",
        "Provider": [],
        "Derived_From": [],
        "Paper_Title": "O q m j x y N m W p T e O S r Q Y b h N t v W A f R C f m G T k",
        "Paper_Link": "https://www.c.com",
        "Tokenized": false,
        "Host": "LDC",
        "Access": "Upon-Request",
        "Cost": "K",
        "Test_Split": false,
        "Tasks": [
            "dialect identification",
            "stance detection",
            "fill-in-the blank"
        ],
        "Venue_Title": "g",
        "Venue_Type": "workshop",
        "Venue_Name": "c q U e q B",
        "Authors": [],
        "Affiliations": [],
        "Abstract": "b j O a V V p z b A p C E o w S L a z S Q W r x i f j V G h c U m i j e d F F l O O W a w D r Z d b H g D e k Q D V m o q y a C t P D c v V L D g V G M O V d m c G X q z I g Y D C B b o b M s V g c b j D E K x j A k D k T x N k V a I W P G b X b K g K p s T c r y D Y m L r o h f a c M W k g F N e g W s h o n G S t Z y i j A A w k e E h A Q e U b q m X S J M U t B m w z J D I H f c a l R c J c D V S n R r l a D n S r v n b a r G j m d n K f z C E I l M I N I H G L i F P H V U Q B P Y S l D k z Z Z G O n E B H u T h r m k X w W j e c d e Z C K f C B H v p X P c q r r u e j i C J b q X M L C a H g C f z I o M X t b F m o B n T o f H g M J i o q U Y N m Y o k y c U j L f p Z D N q e z F r m R M m z z N B E G m c J r Q W J S c R O O r a z B V w A p T a C F U Z o b S c r U G z I v n b O z o w z v A C q y s V j I s W g b h B X Z L u G x b A g G b M B p v c K Q o N R r F W T l D a Y P D C I M C O L C I V Q l u Q O K l T Z A l m R L g C E A B G z p J P s J N X y r V M W h E p i M k v r O h F a F b a C O m R e b i t A o J w a P e q h N Q P Y g V J g Y f f I m f W T j q G D T E G W j a r W I y d x b k l y O f K A J a W e u h J p m g Q k n P u K O T B l Q E C i G F s M x m J V Q r O P a h t K s o C f S X M B F M N v h m b B O g L w A o c W T y c D u B w c T e k M D J o x I I Q T V P r o U e u A y D W d g n Z F O O C Q D C c r A j d Z l C C P Z z f f k e g U Z h y N P g F n Y J j M c b o L Z x G R M l R F d E m w k h o f h Y S Z K C f P k s j u n G h S X J n q F T L F S P K j z R u d e K L m m R P j y j l S a Y i D w s X I v Q q r S w s w r S A C G C v e g d o x h X D y p C L e I Z k m q G I Y V D P B H C y g R f v f O U q R o V J S a M b t m h y M O Y o c b p h Z e w Y R r k n H o N H j E i Q n q u p f y g y B T H d d U q G Y j W L r J x r p Y Y p h B L a i x i E L M V X G u D V H W K N x R P T J d D r k g M a z d w X G A j s V U J r U U P L M o S i p w b W v E G W l L A X d e q X r g n r q h e q q I B z s E T Q u Y X K f U K p O a O s r C V A l x t O b f W D Z G e V",
        "Language": "jp",
        "Script": "Hiragana"
    },
    "validation": {
        "precision": 0.26643872736592417,
        "recall": 0.269266361331215,
        "f1": 0.26784508174086774,
        "length": 0.9666666666666667
    },
    "cost": {
        "cost": 0,
        "input_tokens": 0,
        "output_tokens": 0
    },
    "config": {
        "model_name": "baseline-random",
        "few_shot": 0,
        "link": "https://arxiv.org/pdf/2112.09323",
        "schema_name": "jp",
        "context": "all",
        "format": "pdf_plumber",
        "max_model_len": null,
        "max_output_len": null,
        "browse_web": false,
        "backend": "openrouter"
    },
    "error": null
}