{
    "metadata": {
        "Name": "JTubeSpeech",
        "Volume": 13000.0,
        "Unit": "sentences",
        "License": "unknown",
        "Link": "https://github.com/sarulab-speech/jtubespeech",
        "HF_Link": "",
        "Year": 2021,
        "Domain": [
            "web pages"
        ],
        "Form": "text",
        "Collection_Style": [
            "crawling"
        ],
        "Description": "A new Japanese speech corpus collected from YouTube.",
        "Ethical_Risks": "Medium",
        "Provider": [
            "The University of Tokyo",
            "Technical University of Munich",
            "Tokyo Metropolitan University",
            "Carnegie Mellon University"
        ],
        "Derived_From": [],
        "Paper_Title": "JTubeSpeech: Corpus of Japanese speech collected from YouTube for speech recognition and speaker verification",
        "Paper_Link": "",
        "Tokenized": false,
        "Host": "GitHub",
        "Access": "Free",
        "Cost": "",
        "Test_Split": true,
        "Tasks": [
            "speech recognition",
            "speaker verification"
        ],
        "Venue_Title": "",
        "Venue_Type": "preprint",
        "Venue_Name": "",
        "Authors": [
            "Shinnosuke Takamichi",
            "Ludwig Kuu00b4rzinger",
            "Takaaki Saeki",
            "Sayaka Shiota",
            "Shinji Watanabe"
        ],
        "Affiliations": [
            "The University of Tokyo",
            "Technical University of Munich",
            "Tokyo Metropolitan University",
            "Carnegie Mellon University"
        ],
        "Abstract": "In this paper, we construct a new Japanese speech corpus called JTubeSpeech. Although recent end-to-end learning requires large-sizespeech corpora, open-sourced such corpora for languages other than English havenot yet been established. In this paper, we describe the construction of a corpus from YouTube videos and subtitles for speech recognition and speaker verification. Our method can automatically filter the videos and subtitles with almost no language-dependent processes. We consistently employ Connectionist Temporal Classification (CTC)-based techniques for automatic speech recognition (ASR) and a speaker variation-based method for automatic speaker verification (ASV). We build 1) a large-scale Japanese ASV benchmark with more than 1,300 hours of data and 2) 900 hours of data for Japanese ASV.",
        "Language": "jp",
        "Script": "mixed"
    },
    "validation": {
        "precision": 0.6564474250513341,
        "recall": 0.7033365268407151,
        "f1": 0.6790835431565525,
        "length": 0.9666666666666667
    },
    "cost": {
        "cost": 0,
        "input_tokens": 0,
        "output_tokens": 0
    },
    "config": {
        "model_name": "gemma-3-4b-it-sft-16384v2",
        "few_shot": 0,
        "link": "https://arxiv.org/pdf/2112.09323",
        "schema_name": "jp",
        "context": "all",
        "format": "pdf_plumber",
        "max_model_len": 16384,
        "max_output_len": 2048,
        "browse_web": false,
        "backend": "vllm"
    },
    "error": null
}