{
    "metadata": {
        "Name": "JTUBESPEECH:CORPUSOFJAPANESESPEECHCOLLECTEDFROMYOUTUBE",
        "Volume": 0.0,
        "Unit": "hours",
        "License": "",
        "Link": "",
        "HF_Link": "",
        "Year": 2025,
        "Domain": [
            "social media"
        ],
        "Form": "text",
        "Collection_Style": [
            "crawling"
        ],
        "Description": "Targetlang. (e.g., \u201cJa\u201d) Datacollection In this paper, we construct a new Japanese speech corpus called Query to Queryto Queryto Cleansing download search download forASR \u201cJTubeSpeech.\u201dAlthoughrecentend-to-endlearningrequireslarge- WikipediA & YouTube YouTube CTC-based ASR sizespeechcorpora,open-sourcedsuchcorporaforlanguagesother Google Trends search engine cleansing corpus the ASR benchmark with more than 1,300 hours of data and 2) 900 hoursofdataforJapaneseASV.",
        "Ethical_Risks": "",
        "Provider": [],
        "Derived_From": [],
        "Paper_Title": "JTUBESPEECH:CORPUSOFJAPANESESPEECHCOLLECTEDFROMYOUTUBE",
        "Paper_Link": "",
        "Tokenized": false,
        "Host": "",
        "Access": "",
        "Cost": "",
        "Test_Split": false,
        "Tasks": [
            "speech recognition"
        ],
        "Venue_Title": "",
        "Venue_Type": "",
        "Venue_Name": "",
        "Authors": [
            "Shinnosuke Takamichi",
            "Ludwig Ku\u00a8rzinger",
            "Takaaki Saeki",
            "Sayaka Shiota",
            "Shinji Watanabe"
        ],
        "Affiliations": [
            "The University of Tokyo, Japan",
            "Technical University of Munich, Germany",
            "Tokyo Metropolitan University, Japan",
            "Carnegie Mellon University, USA"
        ],
        "Abstract": "Targetlang. (e.g., \u201cJa\u201d) Datacollection In this paper, we construct a new Japanese speech corpus called Query to Queryto Queryto Cleansing download search download forASR \u201cJTubeSpeech.\u201dAlthoughrecentend-to-endlearningrequireslarge- WikipediA & YouTube YouTube CTC-based ASR sizespeechcorpora,open-sourcedsuchcorporaforlanguagesother Google Trends search engine cleansing corpus the ASR benchmark with more than 1,300 hours of data and 2) 900 hoursofdataforJapaneseASV.",
        "Language": "jp",
        "Script": "Katakana"
    },
    "validation": {
        "precision": 0.36740848449513075,
        "recall": 0.3936519476733544,
        "f1": 0.3800777425811697,
        "length": 0.9333333333333333
    },
    "cost": {
        "cost": 0,
        "input_tokens": 0,
        "output_tokens": 0
    },
    "config": {
        "model_name": "NuExtract-2.0-4B",
        "few_shot": 0,
        "link": "https://arxiv.org/pdf/2112.09323",
        "schema_name": "jp",
        "context": "all",
        "format": "pdf_plumber",
        "max_model_len": 8912,
        "max_output_len": 2048,
        "browse_web": false,
        "backend": "vllm"
    },
    "error": null
}