{
    "metadata": {
        "Name": "JTubeSpeech",
        "Volume": 1300.0,
        "Unit": "hours",
        "License": "unknown",
        "Link": "https://github.com/sarulab-speech/jtubespeech",
        "HF_Link": "0",
        "Year": 2023,
        "Domain": [
            "news articles",
            "web pages",
            "YouTube"
        ],
        "Form": "audio",
        "Collection_Style": [
            "crawling",
            "human annotation"
        ],
        "Description": "A new Japanese speech corpus called JTubeSpeech. Although recent end-to-end learning requires large-sizes speech corpora, open-sourced such corpora for languages other than English have not yet been established.",
        "Ethical_Risks": "Medium",
        "Provider": [
            "TheUniversityofTokyo",
            "TechnicalUniversityofMunich",
            "TokyoMetropolitanUniversity",
            "CarnegieMellonUniversity"
        ],
        "Derived_From": [],
        "Paper_Title": "JTUBESPEECH:CORPUSOFJAPANESESPEECHCOLLECTEDFROMYOUTUBE",
        "Paper_Link": "https://arxiv.org/pdf/2504.21677",
        "Tokenized": false,
        "Host": "GitHub",
        "Access": "Free",
        "Cost": "0",
        "Test_Split": false,
        "Tasks": [
            "machine translation",
            "speech recognition",
            "speaker verification"
        ],
        "Venue_Title": "",
        "Venue_Type": "",
        "Venue_Name": "",
        "Authors": [
            "Shinnosuke Takamichi",
            "Ludwig Ku\u00a8rzinger",
            "Takaaki Saeki",
            "Sayaka Shiota",
            "Shinji Watanabe"
        ],
        "Affiliations": [
            "TheUniversityofTokyo",
            "TechnicalUniversityofMunich",
            "TokyoMetropolitanUniversity",
            "CarnegieMellonUniversity"
        ],
        "Abstract": "In this paper, we construct a new Japanese speech corpus called JTubeSpeech. Although recent end-to-end learning requires large-sizes speech corpora, open-sourced such corpora for languages other than English have not yet been established. In this paper, we describe the construction of a corpus from You-Tube videos and subtitles for speech recognition and speaker verification. Our method can automatically filter the videos and subtitles with almost no language-dependent processes. We consistently employ Connectionist Temporal Classification (CTC)-based techniques for automatic speech recognition (ASR) and a speaker variation-based method for automatic speaker verification (ASV). We build 1) a large-scale Japanese ASR benchmark with more than 1,300 hours of data and 2) 900 hour of data for Japanese ASV.",
        "Language": "",
        "Script": ""
    },
    "validation": {
        "precision": 0.49149234020058685,
        "recall": 0.5265989359292002,
        "f1": 0.5084403519316415,
        "length": 0.9666666666666667
    },
    "cost": {
        "cost": 0,
        "input_tokens": 0,
        "output_tokens": 0
    },
    "config": {
        "model_name": "gemma-3-4b-it",
        "few_shot": 0,
        "link": "https://arxiv.org/pdf/2112.09323",
        "schema_name": "jp",
        "context": "all",
        "format": "pdf_plumber",
        "max_model_len": 8192,
        "max_output_len": 2048,
        "browse_web": false,
        "backend": "vllm"
    },
    "error": null
}