{
    "metadata": {
        "Name": "JTubeSpeech",
        "Volume": 1300.0,
        "Unit": "sentences",
        "License": "unknown",
        "Link": "https://github.com/sarulab-speech/jtubespeech",
        "HF_Link": "",
        "Year": 2025,
        "Domain": [
            "YouTube"
        ],
        "Form": "audio",
        "Collection_Style": [
            "crawling",
            "machine annotation"
        ],
        "Description": "A new Japanese speech corpus collected from YouTube for speech recognition and speaker verification.",
        "Ethical_Risks": "Medium",
        "Provider": [
            "The University of Tokyo",
            "Technical University of Munich",
            "Tokyo Metropolitan University",
            "Carnegie Mellon University"
        ],
        "Derived_From": [],
        "Paper_Title": "JTUBESPEECH:CORPUSOFJAPANESESPEECHCOLLECTEDFROMYOUTUBE FORSPEECHRECOGNITIONANDSPEAKERVERIFICATION",
        "Paper_Link": "",
        "Tokenized": false,
        "Host": "GitHub",
        "Access": "Free",
        "Cost": "",
        "Test_Split": true,
        "Tasks": [
            "speech recognition",
            "speaker identification"
        ],
        "Venue_Title": "",
        "Venue_Type": "preprint",
        "Venue_Name": "",
        "Authors": [
            "Shinnosuke Takamichi",
            "Ludwig Ku\u00a8rzinger",
            "Takaaki Saeki",
            "Sayaka Shiota",
            "Shinji Watanabe"
        ],
        "Affiliations": [
            "The University of Tokyo",
            "Technical University of Munich",
            "Tokyo Metropolitan University",
            "Carnegie Mellon University"
        ],
        "Abstract": "In this paper, we construct a new Japanese speech corpus called \u201cJTubeSpeech.\u201dAlthoughrecentend-to-endlearningrequireslarge-sizespeechcorpora,open-sourcedsuchcorporaforlanguagesotherthanEnglishhavenotyetbeenestablished.Inthispaper,wedescribe theconstructionofacorpusfromYouTubevideosandsubtitlesforspeech recognition and speaker verification. Our method can automaticallyfilterthevideosandsubtitleswithalmostnolanguage-dependent processes. We consistently employ Connectionist Temporal Classification (CTC)-based techniques for automatic speech recognition (ASR) and a speaker variation-based method for automatic speakerverification(ASV).Webuild1)alarge-scaleJapaneseASR benchmark with more than 1,300 hours of data and 2) 900 hoursofdataforJapaneseASV.",
        "Language": "jp",
        "Script": "mixed"
    },
    "validation": {
        "precision": 0.693123833345701,
        "recall": 0.7426326785846796,
        "f1": 0.7170246551852079,
        "length": 0.9666666666666667
    },
    "cost": {
        "cost": 0.00126733,
        "input_tokens": 11641,
        "output_tokens": 576
    },
    "config": {
        "model_name": "google_gemma-3-27b-it",
        "few_shot": 0,
        "link": "https://arxiv.org/pdf/2112.09323",
        "schema_name": "jp",
        "context": "all",
        "format": "pdf_plumber",
        "max_model_len": null,
        "max_output_len": null,
        "browse_web": false,
        "backend": "openrouter"
    },
    "error": null
}