{
    "metadata": {
        "Name": "JTUBESPEECH",
        "Volume": 1300.0,
        "Unit": "hours",
        "License": "",
        "Link": "https://github.com/sarulab-speech/jtubespeech",
        "HF_Link": "",
        "Year": 2025,
        "Domain": [
            "social media"
        ],
        "Form": "audio",
        "Collection_Style": [
            "crawling"
        ],
        "Description": "A Japanese speech corpus collected from YouTube videos and subtitles for speech recognition and speaker verification.",
        "Ethical_Risks": "",
        "Provider": [],
        "Derived_From": [],
        "Paper_Title": "",
        "Paper_Link": "",
        "Tokenized": false,
        "Host": "GitHub",
        "Access": "",
        "Cost": "",
        "Test_Split": true,
        "Tasks": [
            "speech recognition",
            "speaker verification"
        ],
        "Venue_Title": "",
        "Venue_Type": "",
        "Venue_Name": "",
        "Authors": [
            "Shinnosuke Takamichi",
            "Ludwig Ku\u00a8rzinger",
            "Takaaki Saeki",
            "Sayaka Shiota",
            "Shinji Watanabe"
        ],
        "Affiliations": [
            "The University of Tokyo, Japan",
            "Technical University of Munich, Germany",
            "Tokyo Metropolitan University, Japan",
            "Carnegie Mellon University, USA"
        ],
        "Abstract": "In this paper, we construct a new Japanese speech corpus called JTubeSpeech. Although recent end-to-end learning requires large speech corpora, open-sourced such corpora for languages other than English have not yet been established. In this paper, we describe the construction of a corpus from YouTube videos and subtitles for speech recognition and speaker verification. Our method can automatically filter the videos and subtitles with almost no language-dependent processes. We consistently employ Connectionist Temporal Classification (CTC)-based techniques for automatic speech recognition (ASR) and a speaker variation-based method for automatic speaker verification (ASV). We build a large-scale Japanese ASR benchmark with more than 1,300 hours of data and 900 hours of data for Japanese ASV.",
        "Language": "jp",
        "Script": "Kanji"
    },
    "validation": {
        "precision": 0.5672410680333385,
        "recall": 0.607758287178577,
        "f1": 0.5868011048620744,
        "length": 0.9666666666666667
    },
    "cost": {
        "cost": 0,
        "input_tokens": 0,
        "output_tokens": 0
    },
    "config": {
        "model_name": "NuExtract-2.0-8B",
        "few_shot": 0,
        "link": "https://arxiv.org/pdf/2112.09323",
        "schema_name": "jp",
        "context": "all",
        "format": "pdf_plumber",
        "max_model_len": 8912,
        "max_output_len": 2048,
        "browse_web": false,
        "backend": "vllm"
    },
    "error": null
}