{
    "metadata": {
        "Name": "RELX",
        "Volume": 502.0,
        "Unit": "sentences",
        "License": "unknown",
        "Link": "https://github.com/boun-tabi/RELX",
        "HF_Link": "",
        "Year": 2025,
        "Domain": [
            "wikipedia",
            "wikipedia"
        ],
        "Form": "text",
        "Collection_Style": [
            "crawling",
            "machine annotation",
            "other"
        ],
        "Description": "A cross-lingual relation classification benchmark for English, French, German, Spanish, and Turkish.",
        "Ethical_Risks": "Low",
        "Provider": [
            "Bogu00a8azicu00a8i University"
        ],
        "Derived_From": [
            "KBP-37"
        ],
        "Paper_Title": "The RELX Dataset and Matching the Multilingual Blanks for Cross-Lingual Relation Classification",
        "Paper_Link": "",
        "Tokenized": false,
        "Host": "GitHub",
        "Access": "Free",
        "Cost": "",
        "Test_Split": true,
        "Tasks": [
            "relation classification"
        ],
        "Venue_Title": "",
        "Venue_Type": "preprint",
        "Venue_Name": "",
        "Authors": [
            "Abdullatif Kou00a8ksal",
            "Arzucan Ou00a8zguu00a8r"
        ],
        "Affiliations": [
            "Department of Computer Engineering",
            "Bogu00a8azicu00au00a8i University"
        ],
        "Abstract": "Relation classification is one of the key topics in information extraction, which can be used to construct knowledge bases or to provide useful information for question answering. Current approaches for relation classification are mainly focused on the English language and require lot of training data with human annotations. Creating and annotating a large amount of training data for low-resource languages is impractical and expensive. To overcome this issue, we propose two cross-lingual relation classification models: a baseline model based on Multilingual BERT and a new multilingual pretraining setup, which significantly improves the baseline with distant supervision. For evaluation, we introduce a new public benchmark dataset for cross-lingual relation classification in English, French, German, Spanish, and Turkish, called RELX. We also provide the RELX-Distant dataset, which includes hundreds of thousands of sentences with relations from Wikipedia and Wikidata collected by distant supervision for these languages. Our code and data are available at: https://github.com/boun-tabi/RELX",
        "Subsets": [],
        "Language": [
            "English",
            "French",
            "German",
            "Spanish",
            "Turkish"
        ]
    },
    "validation": {
        "precision": 0.585936645817626,
        "recall": 0.6030065615041273,
        "f1": 0.5943490654186168,
        "length": 0.9666666666666667
    },
    "cost": {
        "cost": 0,
        "input_tokens": 0,
        "output_tokens": 0
    },
    "config": {
        "model_name": "gemma-3-4b-it-sft-16384",
        "few_shot": 0,
        "link": "https://arxiv.org/pdf/2010.09381",
        "schema_name": "multi",
        "context": "all",
        "format": "pdf_plumber",
        "max_model_len": 16384,
        "max_output_len": 2048,
        "browse_web": false,
        "backend": "vllm"
    },
    "error": null
}