{
    "metadata": {
        "Name": "RELX",
        "Volume": 2510.0,
        "Unit": "sentences",
        "License": "unknown",
        "Link": "https://github.com/boun-tabi/RELX",
        "HF_Link": "",
        "Year": 2020,
        "Domain": [
            "news articles",
            "web pages"
        ],
        "Form": "text",
        "Collection_Style": [
            "human annotation"
        ],
        "Description": "a novel cross-lingual relation classification benchmark with 502 parallel sentences in English, French, German, Spanish, and Turkish",
        "Ethical_Risks": "Low",
        "Provider": [
            "Bogazici University"
        ],
        "Derived_From": [
            "KBP-37"
        ],
        "Paper_Title": "The RELX Dataset and Matching the Multilingual Blanks for Cross-Lingual Relation Classification",
        "Paper_Link": "https://arxiv.org/pdf/2010.09381.pdf",
        "Tokenized": false,
        "Host": "GitHub",
        "Access": "Free",
        "Cost": "",
        "Test_Split": false,
        "Tasks": [
            "relation extraction"
        ],
        "Venue_Title": "arXiv",
        "Venue_Type": "preprint",
        "Venue_Name": "",
        "Authors": [
            "Abdullatif Koksal",
            "Arzucan Ozgur"
        ],
        "Affiliations": [
            "Department of Computer Engineering, Bogazici University"
        ],
        "Abstract": "Relation classification is one of the key topics in information extraction, which can be used to construct knowledge bases or to provide useful information for question answering. Current approaches for relation classification are mainly focused on the English language and require lots of training data with human annotations. Creating and annotating a large amount of training data for low-resource languages is impractical and expensive. To overcome this issue, we propose two cross-lingual relation classification models: a baseline model based on Multilingual BERT and a new multilingual pretraining setup, which significantly improves the baseline with distant supervision. For evaluation, we introduce a new public benchmark dataset for cross-lingual relation classification in English, French, German, Spanish, and Turkish, called RELX. We also provide the RELX-Distant dataset, which includes hundreds of thousands of sentences with relations from Wikipedia and Wikidata collected by distant supervision for these languages. Our code and data are available at: https://github.com/boun-tabi/RELX",
        "Subsets": [
            {
                "Name": "RELX-English",
                "Volume": 502.0,
                "Unit": "sentences",
                "Language": "English"
            },
            {
                "Name": "RELX-French",
                "Volume": 502.0,
                "Unit": "sentences",
                "Language": "French"
            },
            {
                "Name": "RELX-German",
                "Volume": 502.0,
                "Unit": "sentences",
                "Language": "German"
            },
            {
                "Name": "RELX-Spanish",
                "Volume": 502.0,
                "Unit": "sentences",
                "Language": "Spanish"
            },
            {
                "Name": "RELX-Turkish",
                "Volume": 502.0,
                "Unit": "sentences",
                "Language": "Turkish"
            }
        ],
        "Language": [
            "English",
            "French",
            "German",
            "Spanish",
            "Turkish"
        ]
    },
    "validation": {
        "precision": 0.744861190521568,
        "recall": 0.7674112629219981,
        "f1": 0.755968100348752,
        "length": 0.9666666666666667
    },
    "cost": {
        "cost": 0.102903,
        "input_tokens": 15289,
        "output_tokens": 696
    },
    "config": {
        "model_name": "x-ai/grok-4",
        "few_shot": 0,
        "link": "https://arxiv.org/pdf/2010.09381",
        "schema_name": "multi",
        "context": "all",
        "format": "pdf_plumber",
        "max_model_len": null,
        "max_output_len": null,
        "browse_web": false,
        "backend": "openrouter"
    },
    "error": null
}