{
    "metadata": {
        "Name": "e A Q S",
        "Volume": -0.45,
        "Unit": "documents",
        "License": "CDLA-Permissive-2.0",
        "Link": "https://www.X.com",
        "HF_Link": "https://www.A.com",
        "Year": 1903,
        "Domain": [
            "other",
            "social media",
            "TV Channels",
            "web pages",
            "public datasets",
            "news articles",
            "commentary",
            "captions"
        ],
        "Form": "images",
        "Collection_Style": [
            "manual curation",
            "human annotation",
            "LLM generated",
            "other"
        ],
        "Description": "s z W h R J j W G g d r r G i U u j",
        "Ethical_Risks": "Medium",
        "Provider": [],
        "Derived_From": [],
        "Paper_Title": "i c X O r N R j r A C S E h J z I W F b z F q M a",
        "Paper_Link": "https://www.d.com",
        "Tokenized": true,
        "Host": "Mendeley Data",
        "Access": "Upon-Request",
        "Cost": "",
        "Test_Split": true,
        "Tasks": [
            "linguistic acceptability",
            "text to SQL",
            "semantic parsing",
            "offensive language detection",
            "embedding evaluation"
        ],
        "Venue_Title": "z",
        "Venue_Type": "workshop",
        "Venue_Name": "t R",
        "Authors": [],
        "Affiliations": [],
        "Abstract": "w w I R y h N N X u y C U K b k S E T v k a Z h H z t B e Y z a v N q M N m Y b S A h n E o R l t A r Q n e i G D d Z y q L b w I Y N U g w b o t r t P j Q C r C i z b S r r Z F v P d D B S E z B O s D K Z K Y u F M s n Y s Z S l R Z o I O e Q q K X b F p f L Y A s x v B v e Y Z j m w K b R H o T I q C Y c K S K h F O v E n q Q z x g t B m Q t m q Q V X a N B g m o v y W d K S s m l p h C n b m Q v T X m D T E i m Z p T P M L P S d i A l B z g e a Q e Y Z M x o v r u L U i m k c S A d x x O N g G A a h I t Y A J g y M R k u y w y p Q V s H t E K A J N R j l A A Q A U O A Q y r w x H c L Y x d k f n P a T W j j Y s Q a Z a F W R q Q u z s s E O K N a B s k V k j j I F A E W S V c U b H W A v r V W G L r h Y I o Y F r U e P i f n L F v i W N J Q O f O R M z J f N n O H A B d c a O h g u Y U q Q e u E Z c v V b F u D K v U X Z c R T h W g k X R D o n u a H c O d a o O R A W f r M q h E d t n r z B e q t u y w d l H R A h d i t D I B D s I L u Q M V y r O b t Y r A m e f w G C A f c s X j o z V X a H m I M U J S O i c M B Z i u o T z V K Z F Y j w E Y D S G A u t p k Y B T U W m r G q h N C B K f V y J F F K e z k u A s v M c X F i C e A J v q J W T u S f d Z N F D q U S z l J L Z P e Z S E r M F e D b P Q L e E u g U W V B S k p V E l g l z p M o e U I Y j T a B y g Q o U K S T P M a h k E a g z c q l j q T m H M J j s o C Y l C d t X V e S L V x v U B N j d w r A r S M t g K C h b G A D v y u e B g J M i k m F v U C B l e W f g k D H w u H n P H F",
        "Subsets": [],
        "Language": [
            "Chinese",
            "Portuguese"
        ]
    },
    "validation": {
        "precision": 0.13072638154683505,
        "recall": 0.131604423741735,
        "f1": 0.13116393320554492,
        "length": 0.9666666666666667
    },
    "cost": {
        "cost": 0,
        "input_tokens": 0,
        "output_tokens": 0
    },
    "config": {
        "model_name": "baseline-random",
        "few_shot": 0,
        "link": "https://arxiv.org/pdf/2010.09381",
        "schema_name": "multi",
        "context": "all",
        "format": "pdf_plumber",
        "max_model_len": null,
        "max_output_len": null,
        "browse_web": false,
        "backend": "openrouter"
    },
    "error": null
}