{
    "metadata": {
        "Name": "RELX",
        "Volume": 0.0,
        "Unit": "sentences",
        "License": "",
        "Link": "",
        "HF_Link": "",
        "Year": 2025,
        "Domain": [
            "public datasets"
        ],
        "Form": "text",
        "Collection_Style": [
            "human annotation"
        ],
        "Description": "The RELX dataset is designed for cross-lingual relation classification, featuring parallel sentences in English, French, German, Spanish, and Turkish.",
        "Ethical_Risks": "Low",
        "Provider": [],
        "Derived_From": [],
        "Paper_Title": "The RELX Dataset and Matching the Multilingual Blanks for Cross-Lingual Relation Classification",
        "Paper_Link": "",
        "Tokenized": false,
        "Host": "GitHub",
        "Access": "Free",
        "Cost": "",
        "Test_Split": false,
        "Tasks": [
            "cross-lingual information retrieval",
            "relation extraction"
        ],
        "Venue_Title": "ACL",
        "Venue_Type": "conference",
        "Venue_Name": "Association of Computational Linguistics",
        "Authors": [
            "Abdullatif Ko\u00a8ksal",
            "Arzucan O\u00a8zgu\u00a8r"
        ],
        "Affiliations": [
            "Bog\u02d8azic\u00b8i University"
        ],
        "Abstract": "Extracting useful information from unstructured text is one of the most essential topics in Natural Language Processing (NLP). Relation classification can help achieve this objective by enabling the automatic construction of knowledge bases and providing useful information for question answering.",
        "Subsets": [
            {
                "Name": "RELX",
                "Volume": 502,
                "Unit": "sentences",
                "Language": [
                    "English",
                    "French",
                    "German",
                    "Spanish",
                    "Turkish"
                ]
            }
        ],
        "Language": [
            "English",
            "French",
            "German",
            "Spanish",
            "Turkish"
        ]
    },
    "validation": {
        "precision": 0.5417234624780464,
        "recall": 0.5604035818738411,
        "f1": 0.5509052160793693,
        "length": 0.9666666666666667
    },
    "cost": {
        "cost": 0,
        "input_tokens": 0,
        "output_tokens": 0
    },
    "config": {
        "model_name": "NuExtract-2.0-8B",
        "few_shot": 0,
        "link": "https://arxiv.org/pdf/2010.09381",
        "schema_name": "multi",
        "context": "all",
        "format": "pdf_plumber",
        "max_model_len": 8912,
        "max_output_len": 2048,
        "browse_web": false,
        "backend": "vllm"
    },
    "error": null
}