{
    "metadata": {
        "Name": "RELX and RELX-Distant",
        "Volume": 0.0,
        "Unit": "sentences",
        "License": "",
        "Link": "",
        "HF_Link": "",
        "Year": 2025,
        "Domain": [
            "LLM"
        ],
        "Form": "text",
        "Collection_Style": [
            "crawling"
        ],
        "Description": "This paper introduces the RELX dataset, a novel parallel relation classification dataset, and presents the RELX-Distant dataset, which uses distant supervision to gather relations from Wikipedia and Wikidata.",
        "Ethical_Risks": "",
        "Provider": [],
        "Derived_From": [],
        "Paper_Title": "The RELX Dataset and Matching the Multilingual Blanks for Cross-Lingual Relation Classification",
        "Paper_Link": "https://github.com/boun-tabi/RELX",
        "Tokenized": false,
        "Host": "",
        "Access": "",
        "Cost": "",
        "Test_Split": false,
        "Tasks": [
            "cross-lingual information retrieval"
        ],
        "Venue_Title": "",
        "Venue_Type": "",
        "Venue_Name": "",
        "Authors": [
            "Abdullatif Ko\u00a8ksal",
            "Arzucan Ozgu\u00a8r"
        ],
        "Affiliations": [
            "Bog\u02d8azic\u00b8i University"
        ],
        "Abstract": "Relation classification is essential in Natural Language Processing for constructing knowledge bases and providing useful information for question answering. This paper proposes a cross-lingual relation classification model using multilingual BERT and introduces the RELX-Distant dataset for evaluating cross-lingual relation classification methods.",
        "Subsets": [],
        "Language": []
    },
    "validation": {
        "precision": 0.3682512261550942,
        "recall": 0.3809495442983733,
        "f1": 0.3744927723611127,
        "length": 0.9333333333333333
    },
    "cost": {
        "cost": 0,
        "input_tokens": 0,
        "output_tokens": 0
    },
    "config": {
        "model_name": "NuExtract-2.0-4B",
        "few_shot": 0,
        "link": "https://arxiv.org/pdf/2010.09381",
        "schema_name": "multi",
        "context": "all",
        "format": "pdf_plumber",
        "max_model_len": 8912,
        "max_output_len": 2048,
        "browse_web": false,
        "backend": "vllm"
    },
    "error": null
}