{
    "metadata": {
        "Name": "RELX",
        "Volume": 502.0,
        "Unit": "sentences",
        "License": "unknown",
        "Link": "https://github.com/boun-tabi/RELX",
        "HF_Link": "",
        "Year": 2020,
        "Domain": [
            "wikipedia"
        ],
        "Form": "text",
        "Collection_Style": [
            "human annotation",
            "machine annotation"
        ],
        "Description": "a novel cross-lingual relation classification benchmark for English, French, German, Spanish, and Turkish",
        "Ethical_Risks": "Low",
        "Provider": [
            "Bog\u02d8azic\u00b8iUniversity"
        ],
        "Derived_From": [],
        "Paper_Title": "The RELX Dataset and Matching the Multilingual Blanks for Cross-Lingual Relation Classification",
        "Paper_Link": "",
        "Tokenized": false,
        "Host": "GitHub",
        "Access": "Free",
        "Cost": "",
        "Test_Split": true,
        "Tasks": [
            "relation extraction"
        ],
        "Venue_Title": "",
        "Venue_Type": "preprint",
        "Venue_Name": "",
        "Authors": [
            "Abdullatif Ko\u00a8ksal",
            "Arzucan O\u00a8zgu\u00a8r"
        ],
        "Affiliations": [
            "Department of Computer Engineering, Bog\u02d8azic\u00b8iUniversity"
        ],
        "Abstract": "Relation classification is one of the key topics in information extraction, which can be used to construct knowledge bases or to provide useful information for question answering. Current approaches for relation classification are mainly focused on the English language and require lot of training data with human annotations. Creating and annotating a large amount of training data for low-resource languages is impractical and expensive. To overcome this issue, we propose two cross-lingual relation classification models: a baseline model based on Multilingual BERT and a new multilingual pretraining setup, which significantly improves the baseline with distant supervision. For evaluation, we introduce a new public benchmark dataset for cross-lingual relation classification in English, French, German, Spanish, and Turkish, called RELX. We also provide the RELX-Distant dataset, which includes hundreds of thousands of sentences with relations from Wikipedia and Wikidata collected by distant supervision for these languages. Our code and data are available at: https://github.com/boun-tabi/RELX",
        "Subsets": [],
        "Language": [
            "English",
            "French",
            "German",
            "Spanish",
            "Turkish"
        ]
    },
    "validation": {
        "precision": 0.5694780698412303,
        "recall": 0.5859804484250972,
        "f1": 0.5776114147905845,
        "length": 0.9666666666666667
    },
    "cost": {
        "cost": 0.00158904,
        "input_tokens": 15289,
        "output_tokens": 565
    },
    "config": {
        "model_name": "google_gemma-3-27b-it",
        "few_shot": 0,
        "link": "https://arxiv.org/pdf/2010.09381",
        "schema_name": "multi",
        "context": "all",
        "format": "pdf_plumber",
        "max_model_len": null,
        "max_output_len": null,
        "browse_web": false,
        "backend": "openrouter"
    },
    "error": null
}