{
    "metadata": {
        "Name": "RELX Dataset and Matching the Multilingual Blanks for Cross-Lingual Relation Classification",
        "Volume": 0.0,
        "Unit": "",
        "License": "",
        "Link": "",
        "HF_Link": "",
        "Year": 2025,
        "Domain": [
            "social media",
            "news articles",
            "reviews",
            "commentary",
            "books",
            "wikipedia",
            "web pages",
            "public datasets",
            "TV Channels",
            "captions",
            "LLM"
        ],
        "Form": "text",
        "Collection_Style": [
            "crawling",
            "human annotation",
            "machine annotation",
            "manual curation",
            "LLM generated",
            "other"
        ],
        "Description": "The RELX Dataset and Matching the Multilingual Blanks for Cross-Lingual Relation Classification",
        "Ethical_Risks": "Low",
        "Provider": [
            "unknown"
        ],
        "Derived_From": [],
        "Paper_Title": "",
        "Paper_Link": "",
        "Tokenized": false,
        "Host": "data.world",
        "Access": "Free",
        "Cost": "",
        "Test_Split": false,
        "Tasks": [
            "cross-lingual relation classification"
        ],
        "Venue_Title": "",
        "Venue_Type": "conference",
        "Venue_Name": "",
        "Authors": [],
        "Affiliations": [],
        "Abstract": "The RELX Dataset and Matching the Multilingual Blanks for Cross-Lingual Relation Classification",
        "Subsets": [],
        "Language": [
            "English",
            "French",
            "German",
            "Spanish",
            "Turkish",
            "Bulgarian",
            "Russian",
            "Vietnamese",
            "Thai",
            "Chinese",
            "Simplified Chinese",
            "Hindi",
            "Swahili",
            "Urdu",
            "Bengali",
            "Finnish",
            "Japanese",
            "Korean",
            "Telugu",
            "Indonesian",
            "Italian",
            "Polish",
            "Portuguese",
            "Estonian",
            "Haitian Creole",
            "Eastern Apuru00edmac Quechua",
            "Tamil",
            "Sinhala"
        ]
    },
    "validation": {
        "precision": 0.33462318976760247,
        "recall": 0.34616192044924393,
        "f1": 0.340294769255189,
        "length": 0.9333333333333333
    },
    "cost": {
        "cost": 0,
        "input_tokens": 0,
        "output_tokens": 0
    },
    "config": {
        "model_name": "NuExtract-2.0-2B",
        "few_shot": 0,
        "link": "https://arxiv.org/pdf/2010.09381",
        "schema_name": "multi",
        "context": "all",
        "format": "pdf_plumber",
        "max_model_len": 8912,
        "max_output_len": 2048,
        "browse_web": false,
        "backend": "vllm"
    },
    "error": null
}