{
    "metadata": {
        "Name": "CFDD",
        "Volume": 1600000.0,
        "Unit": "sentences",
        "License": "CC BY-NC-SA",
        "Link": "",
        "HF_Link": "",
        "Year": 2023,
        "Domain": [
            "wikipedia",
            "books"
        ],
        "Form": "text",
        "Collection_Style": [
            "manual curation",
            "machine annotation"
        ],
        "Description": "a resource created by members of LINAGORALabs that doubles the size of the existing French Dialogue Dataset",
        "Ethical_Risks": "Low",
        "Provider": [
            "LINAGORA LINAGORA LINAGORA"
        ],
        "Derived_From": [],
        "Paper_Title": "THE CLAIRE FRENCH DIALOGUE DATASET",
        "Paper_Link": "",
        "Tokenized": false,
        "Host": "HuggingFace",
        "Access": "Free",
        "Cost": "",
        "Test_Split": false,
        "Tasks": [
            "question answering",
            "natural language inference",
            "other"
        ],
        "Venue_Title": "",
        "Venue_Type": "preprint",
        "Venue_Name": "",
        "Authors": [
            "Julie Hunter",
            "Jeru00e9meLouradour",
            "VirgileRennard",
            "Ismau00e9lHarrando",
            "GuokanShang",
            "Jean-PierreLoru00e9e"
        ],
        "Affiliations": [
            "LINAGORA LINAGORA LINAGORA",
            "Toulouse,France",
            "Ismau00e9lHarrando Linagora Linagora Linagora",
            "Linagora Linagora Linagora",
            "Toulouse,France",
            "Paris,France",
            "Ismau00e9lHarrando Linagora Linagora Linagora",
            "Linagora Linagora Linagora",
            "Toulouse,France",
            "Linagora Linagora Linagora",
            "Linagora Linagora Linagora",
            "Toulouse,France"
        ],
        "Abstract": "We present the Claire French Dialogue Dataset (CFDD), 2 a resource created by members of LINAGORALabs 3 in the context of the OpenLLMFrance initiative. CFDDis a corpus containing roughly 160 million words from transcripts and stage plays in French that we have assembled and publicly released in an effort to further the development of multilingual, open-source language models. This paper describes the 24 individual corpora of which CFDD is composed and provides links and citations to their original sources. It also provides our proposed breakdown of the full CFDD dataset into eight categories of subcorpora and describes the process we followed to standardize the format of the final dataset. We conclude with a discussion of similar work and future directions.",
        "Language": "fr"
    },
    "validation": {
        "precision": 0.4898815238568444,
        "recall": 0.4811868163755412,
        "f1": 0.48549524497825286,
        "length": 0.9655172413793104
    },
    "cost": {
        "cost": 0,
        "input_tokens": 0,
        "output_tokens": 0
    },
    "config": {
        "model_name": "gemma-3-4b-it-sft-16384v2",
        "few_shot": 0,
        "link": "https://arxiv.org/pdf/2311.16840",
        "schema_name": "fr",
        "context": "all",
        "format": "pdf_plumber",
        "max_model_len": 16384,
        "max_output_len": 2048,
        "browse_web": false,
        "backend": "vllm"
    },
    "error": null
}