{
    "metadata": {
        "Name": "CFDD",
        "Volume": 160000000.0,
        "Unit": "tokens",
        "License": "CC BY-NC-SA 4.0",
        "Link": "https://huggingface.co/datasets/OpenLLM-France/Claire-Dialogue-French-0.1",
        "HF_Link": "https://huggingface.co/datasets/OpenLLM-France/Claire-Dialogue-French-0.1",
        "Year": 2023,
        "Domain": [
            "public datasets",
            "TV Channels",
            "other"
        ],
        "Form": "text",
        "Collection_Style": [
            "crawling",
            "human annotation",
            "manual curation"
        ],
        "Description": "a corpus containing roughly 160 million words from transcripts and stage plays in French",
        "Ethical_Risks": "Medium",
        "Provider": [
            "LINAGORA"
        ],
        "Derived_From": [
            "ACSYNT",
            "Assembl\u00e9e Nationale",
            "Orf\u00e9o-CEFC",
            "C-ORAL-ROM",
            "CRFP",
            "FLEURON",
            "Valibel",
            "CFPB",
            "R\u00e9unions De Travail",
            "CFPP",
            "CID",
            "CLAPI",
            "ESLO",
            "FREDSum",
            "LinTO",
            "OFROM",
            "Accueil UBS",
            "OTG",
            "Paris Stories",
            "PFC",
            "Rhapsodie",
            "SUMM-RE",
            "TCOF",
            "Th\u00e9\u00e2tre Classique",
            "Th\u00e9\u00e2tre Gratuit"
        ],
        "Paper_Title": "THE CLAIRE FRENCH DIALOGUE DATASET",
        "Paper_Link": "https://arxiv.org/pdf/2311.04861",
        "Tokenized": false,
        "Host": "HuggingFace",
        "Access": "Free",
        "Cost": "",
        "Test_Split": true,
        "Tasks": [
            "language modeling",
            "summarization",
            "question answering",
            "text generation"
        ],
        "Venue_Title": "arXiv",
        "Venue_Type": "preprint",
        "Venue_Name": "",
        "Authors": [
            "Julie Hunter",
            "J\u00e9r\u00f4me Louradour",
            "Virgile Rennard",
            "Isma\u00efl Harrando",
            "Guokan Shang",
            "Jean-Pierre Lorr\u00e9"
        ],
        "Affiliations": [
            "LINAGORA",
            "Ecole Polytechnique"
        ],
        "Abstract": "We present the Claire French Dialogue Dataset (CFDD),2 a resource created by members of LINAGORALabs3inthecontextoftheOpenLLMFranceinitiative.4 CFDDisacorpuscontaining roughly160millionwordsfromtranscriptsandstageplaysinFrenchthatwehaveassembledand publiclyreleasedinanefforttofurtherthedevelopmentofmultilingual,opensourcelanguagemod- els. Thispaperdescribesthe24individualcorporaofwhichCFDDiscomposedandprovideslinks andcitationsto their originalsources. Italso providesourproposedbreakdownof the fullCFDD datasetintoeightcategoriesofsubcorporaanddescribestheprocesswefollowedtostandardizethe formatofthefinaldataset. Weconcludewithadiscussionofsimilarworkandfuturedirections.",
        "Language": "fr"
    },
    "validation": {
        "precision": 0.8037858774647411,
        "recall": 0.7967782302313389,
        "f1": 0.800266713281701,
        "length": 0.9310344827586207
    },
    "cost": {
        "cost": 0.08123325,
        "input_tokens": 16011,
        "output_tokens": 746
    },
    "config": {
        "model_name": "x-ai/grok-4",
        "few_shot": 0,
        "link": "https://arxiv.org/pdf/2311.16840",
        "schema_name": "fr",
        "context": "all",
        "format": "pdf_plumber",
        "max_model_len": null,
        "max_output_len": null,
        "browse_web": false,
        "backend": "openrouter"
    },
    "error": null
}