{
    "metadata": {
        "Name": "CFDD",
        "Volume": 16000000000.0,
        "Unit": "sentences",
        "License": "CC BY-NC-SA",
        "Link": "https://huggingface.co/datasets/OpenLLM-France/Claire-Dialogue-French-0.1",
        "HF_Link": "0",
        "Year": 2023,
        "Domain": [
            "wikipedia",
            "books",
            "web pages"
        ],
        "Form": "text",
        "Collection_Style": [
            "crawling",
            "human annotation"
        ],
        "Description": "A resource created by members of LINAGORALabs in the context of the OpenLLMFrance initiative.",
        "Ethical_Risks": "Low",
        "Provider": [
            "LINAGORA"
        ],
        "Derived_From": [],
        "Paper_Title": "THE CLAIRE FRENCH DIALOGUE DATASET",
        "Paper_Link": "https://arxiv.org/pdf/2504.21677",
        "Tokenized": false,
        "Host": "HuggingFace",
        "Access": "Free",
        "Cost": "",
        "Test_Split": false,
        "Tasks": [
            "language modeling",
            "text generation",
            "question answering"
        ],
        "Venue_Title": "arXiv",
        "Venue_Type": "preprint",
        "Venue_Name": "",
        "Authors": [
            "Julie Hunter",
            "Ju00e9ru00f4me Louradour",
            "Virgile Rennard",
            "Ismau00e9l Harrando",
            "Guokan Shang",
            "Jean-Pierre Lorru00e9"
        ],
        "Affiliations": [
            "LINAGORA"
        ],
        "Abstract": "We present the Claire French Dialogue Dataset (CFDD), 2 a resource created by members of LINAGORALabs 3 in the context of the OpenLLMFrance initiative. CFDDisacorpuscontaining roughly 160million words from transcripts and stageplays in French that we have assembled and publicly released in an effort to further the development of multilingual, open source language models. This paper describes the 24 individual corpora of which CFDD is composed and provides links and citations to their original sources. It also provides our proposed breakdown of the full CFDD dataset into eight categories of subcorpora and describes the process we followed to standardize the format of the final dataset. We conclude with a discussion of similar work and future directions.",
        "Language": "fr"
    },
    "validation": {
        "precision": 0.666795630802059,
        "recall": 0.6644192842830848,
        "f1": 0.6656053365391508,
        "length": 0.9655172413793104
    },
    "cost": {
        "cost": 0,
        "input_tokens": 0,
        "output_tokens": 0
    },
    "config": {
        "model_name": "gemma-3-4b-it-sft-16384",
        "few_shot": 0,
        "link": "https://arxiv.org/pdf/2311.16840",
        "schema_name": "fr",
        "context": "all",
        "format": "pdf_plumber",
        "max_model_len": 16384,
        "max_output_len": 2048,
        "browse_web": false,
        "backend": "vllm"
    },
    "error": null
}