{
    "metadata": {
        "Name": "",
        "Volume": 0.0,
        "Unit": "",
        "License": "",
        "Link": "",
        "HF_Link": "",
        "Year": 2025,
        "Domain": [],
        "Form": "",
        "Collection_Style": [],
        "Description": "",
        "Ethical_Risks": "",
        "Provider": [],
        "Derived_From": [],
        "Paper_Title": "",
        "Paper_Link": "",
        "Tokenized": false,
        "Host": "",
        "Access": "",
        "Cost": "",
        "Test_Split": false,
        "Tasks": [],
        "Venue_Title": "",
        "Venue_Type": "",
        "Venue_Name": "",
        "Authors": [],
        "Affiliations": [],
        "Abstract": "",
        "Language": ""
    },
    "validation": {
        "precision": 0.1378969774372073,
        "recall": 0.14282186948853615,
        "f1": 0.14031622265540392,
        "length": 0.8620689655172413
    },
    "cost": {
        "cost": 0,
        "input_tokens": 0,
        "output_tokens": 0
    },
    "config": {
        "model_name": "NuExtract-2.0-2B",
        "few_shot": 0,
        "link": "https://arxiv.org/pdf/2311.16840",
        "schema_name": "fr",
        "context": "all",
        "format": "pdf_plumber",
        "max_model_len": 8912,
        "max_output_len": 2048,
        "browse_web": false,
        "backend": "vllm"
    },
    "error": "Unterminated string starting at: line 1 column 1813 (char 1812)"
}