{
    "metadata": {
        "Name": "Claire French Dialogue Dataset",
        "Volume": 0.0,
        "Unit": "sentences",
        "License": "CC BY-NC-SA",
        "Link": "https://huggingface.co/datasets/OpenLLM-France/Claire-Dialogue-French-0.1",
        "HF_Link": "https://huggingface.co/OpenLLM-France",
        "Year": 2023,
        "Domain": [
            "LLM"
        ],
        "Form": "text",
        "Collection_Style": [
            "human annotation"
        ],
        "Description": "The Claire French Dialogue Dataset (CFDD) is a resource created by members of LINAGORALabs in the context of the OpenLLMFrance initiative. CFDD is a corpus containing roughly 160 million words from transcripts and stage plays in French.",
        "Ethical_Risks": "Low",
        "Provider": [],
        "Derived_From": [],
        "Paper_Title": "THE CLAIRE FRENCH DIALOGUE DATASET",
        "Paper_Link": "https://huggingface.co/OpenLLM-France",
        "Tokenized": true,
        "Host": "HuggingFace",
        "Access": "Free",
        "Cost": "",
        "Test_Split": false,
        "Tasks": [
            "language modeling"
        ],
        "Venue_Title": "ACL",
        "Venue_Type": "conference",
        "Venue_Name": "Association of Computational Linguistics",
        "Authors": [
            "Julie Hunter",
            "J\u00e9r\u00f4me Louradour",
            "Virgile Rennard"
        ],
        "Affiliations": [
            "LINAGORA",
            "Ecole Polytechnique"
        ],
        "Abstract": "We present the Claire French Dialogue Dataset (CFDD), a resource created by members of LINAGORALabs in the context of the OpenLLMFrance initiative. CFDD is a corpus containing roughly 160 million words from transcripts and stage plays in French that we have assembled and publicly released in an effort to further the development of multilingual, open-source language models.",
        "Language": "fr"
    },
    "validation": {
        "precision": 0.4482025079518176,
        "recall": 0.43801926418819204,
        "f1": 0.4430523801424766,
        "length": 0.9655172413793104
    },
    "cost": {
        "cost": 0,
        "input_tokens": 0,
        "output_tokens": 0
    },
    "config": {
        "model_name": "NuExtract-2.0-4B",
        "few_shot": 0,
        "link": "https://arxiv.org/pdf/2311.16840",
        "schema_name": "fr",
        "context": "all",
        "format": "pdf_plumber",
        "max_model_len": 8912,
        "max_output_len": 2048,
        "browse_web": false,
        "backend": "vllm"
    },
    "error": null
}