{
    "metadata": {
        "Name": "Claire French Dialogue Dataset",
        "Volume": 16000000.0,
        "Unit": "sentences",
        "License": "CC BY-NC-SA",
        "Link": "https://huggingface.co/datasets/OpenLLM-France/Claire-Dialogue-French-0.1",
        "HF_Link": "https://huggingface.co/OpenLLM-France",
        "Year": 2023,
        "Domain": [
            "books",
            "wikipedia",
            "other"
        ],
        "Form": "text",
        "Collection_Style": [
            "manual curation",
            "other"
        ],
        "Description": "A resource created by members of LINAGORALabs in the context of the OpenLLMFrance initiative.",
        "Ethical_Risks": "Low",
        "Provider": [
            "LINAGORA"
        ],
        "Derived_From": [],
        "Paper_Title": "THE CLAIRE FRENCH DIALOGUE DATASET",
        "Paper_Link": "https://arxiv.org/pdf/2504.21677",
        "Tokenized": false,
        "Host": "HuggingFace",
        "Access": "Free",
        "Cost": "",
        "Test_Split": false,
        "Tasks": [
            "machine translation",
            "speech recognition",
            "sentiment analysis",
            "language modeling",
            "topic classification",
            "dialect identification",
            "text generation",
            "cross-lingual information retrieval",
            "named entity recognition",
            "question answering",
            "multiple choice question answering",
            "information retrieval",
            "part of speech tagging",
            "language identification",
            "summarization",
            "speaker identification",
            "transliteration",
            "morphological analysis",
            "offensive language detection",
            "review classification",
            "gender identification",
            "fake news detection",
            "dependency parsing",
            "irony detection",
            "meter classification",
            "natural language inference",
            "instruction tuning",
            "commonsense reasoning",
            "word prediction",
            "image captioning",
            "word similarity",
            "grammatical error correction",
            "intent classification",
            "sign language recognition",
            "optical character recognition",
            "fill-in-the blank",
            "relation extraction",
            "stance detection",
            "emotion classification",
            "semantic parsing",
            "text to SQL",
            "lexicon analysis",
            "embedding evaluation",
            "other"
        ],
        "Venue_Title": "",
        "Venue_Type": "preprint",
        "Venue_Name": "",
        "Authors": [
            "Julie Hunter",
            "Ju00e9ru00e9me Louradour",
            "Virgile Rennard",
            "Ismau00e9l Harrando",
            "Guokan Shang",
            "Jean-Pierre Lorru00e9"
        ],
        "Affiliations": [
            "LINAGORA"
        ],
        "Abstract": "We present the Claire French Dialogue Dataset (CFDD), 2 a resource created by members of LINAGORALabs 3 in the context of the OpenLLMFrance initiative. CFDDis a corpus containing roughly 160 million words from transcripts and stage plays in French that we have assembled and publicly released in an effort to further the development of multilingual, open source language models. This paper describes the 24 individual corpora of which CFDD is composed and provides links and citations to their original sources. It also provides our proposed breakdown of the full CFDD dataset into eight categories of subcorpora and describes the process we followed to standardize the format of the final dataset. We conclude with a discussion of similar work and future directions.",
        "Language": "fr"
    },
    "validation": {
        "precision": 0.5898465926403502,
        "recall": 0.5847220661870294,
        "f1": 0.5872731505136002,
        "length": 0.9310344827586207
    },
    "cost": {
        "cost": 0,
        "input_tokens": 0,
        "output_tokens": 0
    },
    "config": {
        "model_name": "gemma-3-4b-it-sft-8912",
        "few_shot": 0,
        "link": "https://arxiv.org/pdf/2311.16840",
        "schema_name": "fr",
        "context": "all",
        "format": "pdf_plumber",
        "max_model_len": 8192,
        "max_output_len": 2048,
        "browse_web": false,
        "backend": "vllm"
    },
    "error": null
}