{
    "metadata": {
        "Name": "Claire French Dialogue Dataset",
        "Volume": 160000000.0,
        "Unit": "sentences",
        "License": "CC BY-NC-SA",
        "Link": "",
        "HF_Link": "https://huggingface.co/datasets/OpenLLM-France/Claire-Dialogue-French-0.1",
        "Year": 2023,
        "Domain": [
            "wikipedia",
            "news articles",
            "books",
            "public datasets",
            "other"
        ],
        "Form": "text",
        "Collection_Style": [
            "crawling",
            "human annotation",
            "manual curation"
        ],
        "Description": "a resource created by members of LINAGORA Labs in the context of the OpenLLM France initiative. CFDD is a corpus containing roughly 160 million words from transcripts and stage plays in French that we have assembled and publicly released in an effort to further the development of multilingual, open source language mod-els.",
        "Ethical_Risks": "Medium",
        "Provider": [
            "LINAGORA"
        ],
        "Derived_From": [],
        "Paper_Title": "THE CLAIRE FRENCH DIALOGUE DATASET",
        "Paper_Link": "",
        "Tokenized": false,
        "Host": "HuggingFace",
        "Access": "Free",
        "Cost": "",
        "Test_Split": true,
        "Tasks": [
            "machine translation",
            "speech recognition",
            "sentiment analysis",
            "language modeling",
            "topic classification",
            "dialect identification",
            "text generation",
            "cross-lingual information retrieval",
            "named entity recognition",
            "question answering",
            "multiple choice question answering",
            "information retrieval",
            "part of speech tagging",
            "language identification",
            "summarization",
            "speaker identification",
            "transliteration",
            "morphological analysis",
            "offensive language detection",
            "review classification",
            "gender identification",
            "fake news detection",
            "dependency parsing",
            "irony detection",
            "meter classification",
            "natural language inference",
            "instruction tuning",
            "commonsense reasoning",
            "word prediction"
        ],
        "Venue_Title": "",
        "Venue_Type": "preprint",
        "Venue_Name": "",
        "Authors": [
            "JulieHunter",
            "J\u00e9r\u00f4meLouradour",
            "VirgileRennard",
            "Isma\u00eflHarrando",
            "GuokanShang",
            "Jean-PierreLorr\u00e9"
        ],
        "Affiliations": [
            "LINAGORA",
            "Ecole Polytechnique"
        ],
        "Abstract": "We present the Claire French Dialogue Dataset (CFDD),2 a resource created by members of LINAGORALabs3inthecontextoftheOpenLLMFranceinitiative.4 CFDDisacorpuscontaining roughly160millionwordsfromtranscriptsandstageplaysinFrenchthatwehaveassembledand publiclyreleasedinanefforttofurtherthedevelopmentofmultilingual,opensourcelanguagemod-els. Thispaperdescribesthe24individualcorporaofwhichCFDDiscomposedandprovideslinks andcitationsto their originalsources. Italso providesourproposedbreakdownof the fullCFDD datasetintoeightcategoriesofsubcorporaanddescribestheprocesswefollowedtostandardizethe formatofthefinaldataset. Weconcludewithadiscussionofsimilarworkandfuturedirections.",
        "Language": "fr"
    },
    "validation": {
        "precision": 0.5557794582102207,
        "recall": 0.5494382483843953,
        "f1": 0.5525906618849667,
        "length": 0.896551724137931
    },
    "cost": {
        "cost": 0.0028374,
        "input_tokens": 16025,
        "output_tokens": 769
    },
    "config": {
        "model_name": "google_gemma-3-27b-it",
        "few_shot": 0,
        "link": "https://arxiv.org/pdf/2311.16840",
        "schema_name": "fr",
        "context": "all",
        "format": "pdf_plumber",
        "max_model_len": null,
        "max_output_len": null,
        "browse_web": false,
        "backend": "openrouter"
    },
    "error": null
}