{
    "metadata": {
        "Name": "Claire French Dialogue Dataset",
        "Volume": 0.0,
        "Unit": "sentences",
        "License": "CC BY-NC-SA",
        "Link": "",
        "HF_Link": "https://huggingface.co/OpenLLM-France/Claire-Dialogue-French-0.1",
        "Year": 2023,
        "Domain": [
            "public datasets"
        ],
        "Form": "text",
        "Collection_Style": [
            "human annotation"
        ],
        "Description": "The Claire French Dialogue Dataset (CFDD) is a resource created by members of LINAGORA Labs in the context of the OpenLLM France initiative. It is a corpus containing roughly 160 million words from transcripts and stage plays in French.",
        "Ethical_Risks": "Low",
        "Provider": [
            "LINAGORA"
        ],
        "Derived_From": [
            "ORTOLANG",
            "Orf\u00e9o platform",
            "CEFC",
            "Parole Publique"
        ],
        "Paper_Title": "THE CLAIRE FRENCH DIALOGUE DATASET",
        "Paper_Link": "",
        "Tokenized": false,
        "Host": "GitHub",
        "Access": "Free",
        "Cost": "",
        "Test_Split": false,
        "Tasks": [
            "language modeling",
            "dialogue"
        ],
        "Venue_Title": "viXra",
        "Venue_Type": "preprint",
        "Venue_Name": "",
        "Authors": [
            "Julie Hunter",
            "J\u00e9r\u00f4me Louradour",
            "Virgile Rennard",
            "Isma\u00efl Harrando",
            "Guokan Shang",
            "Jean-Pierre Lorr\u00e9"
        ],
        "Affiliations": [
            "LINAGORA",
            "Ecole Polytechnique"
        ],
        "Abstract": "We present the Claire French Dialogue Dataset (CFDD), a resource created by members of LINAGORA Labs in the context of the OpenLLM France initiative. CFDD is a corpus containing roughly 160 million words from transcripts and stage plays in French that we have assembled and publicly released in an effort to further the development of multilingual, open-source language models.",
        "Language": "fr"
    },
    "validation": {
        "precision": 0.5198948428716657,
        "recall": 0.5122720396408919,
        "f1": 0.516055293129227,
        "length": 0.9655172413793104
    },
    "cost": {
        "cost": 0,
        "input_tokens": 0,
        "output_tokens": 0
    },
    "config": {
        "model_name": "NuExtract-2.0-8B",
        "few_shot": 0,
        "link": "https://arxiv.org/pdf/2311.16840",
        "schema_name": "fr",
        "context": "all",
        "format": "pdf_plumber",
        "max_model_len": 8912,
        "max_output_len": 2048,
        "browse_web": false,
        "backend": "vllm"
    },
    "error": null
}