{
    "metadata": {
        "Name": "CFDD",
        "Volume": 160000000.0,
        "Unit": "tokens",
        "License": "CC BY-NC-SA 4.0",
        "Link": "https://huggingface.co/datasets/OpenLLM-France/Claire-Dialogue-French-0.1",
        "HF_Link": "https://huggingface.co/datasets/OpenLLM-France/Claire-Dialogue-French-0.1",
        "Year": 2023,
        "Domain": [
            "public datasets",
            "books",
            "TV Channels"
        ],
        "Form": "text",
        "Collection_Style": [
            "crawling",
            "manual curation"
        ],
        "Description": "A French dialogue corpus of ~160M tokens from transcripts and stageplays for training LLMs.",
        "Ethical_Risks": "Low",
        "Provider": [
            "LINAGORA"
        ],
        "Derived_From": [
            "ACSYNT",
            "Assembl\u00e9e Nationale",
            "Orf\u00e9o-CEFC",
            "C-ORAL-ROM",
            "CRFP",
            "FLEURON",
            "Valibel",
            "CFPB",
            "R\u00e9unionsDeTravail",
            "CFPP",
            "CID",
            "CLAPI",
            "ESLO",
            "FREDSum",
            "LinTO",
            "OFROM",
            "ParolePublique",
            "Paris Stories",
            "PFC",
            "Rhapsodie",
            "SUMM-RE",
            "TCOF",
            "Th\u00e9\u00e2treClassique",
            "Th\u00e9\u00e2treGratuit"
        ],
        "Paper_Title": "The Claire French Dialogue Dataset",
        "Paper_Link": "https://arxiv.org/pdf/2311.04861",
        "Tokenized": false,
        "Host": "HuggingFace",
        "Access": "Free",
        "Cost": "",
        "Test_Split": true,
        "Tasks": [
            "language modeling",
            "text generation"
        ],
        "Venue_Title": "arXiv",
        "Venue_Type": "preprint",
        "Venue_Name": "",
        "Authors": [
            "Julie Hunter",
            "J\u00e9r\u00f4me Louradour",
            "Virgile Rennard",
            "Isma\u00efl Harrando",
            "Guokan Shang",
            "Jean-Pierre Lorr\u00e9"
        ],
        "Affiliations": [
            "LINAGORA",
            "Ecole Polytechnique"
        ],
        "Abstract": "We present the Claire French Dialogue Dataset (CFDD), a resource created by members of LINAGORA Labs in the context of the OpenLLM France initiative. CFDD is a corpus containing roughly 160 million words from transcripts and stageplays in French that we have assembled and publicly released in an effort to further the development of multilingual, open source language models. This paper describes the 24 individual corpora of which CFDD is composed and provides links and citations to their original sources. It also provides our proposed breakdown of the full CFDD dataset into eight categories of subcorpora and describes the process we followed to standardize the format of the final dataset. We conclude with a discussion of similar work and future directions.",
        "Language": "fr"
    },
    "validation": {
        "precision": 0.8872641272793322,
        "recall": 0.883237846110737,
        "f1": 0.8852464086317812,
        "length": 0.9310344827586207
    },
    "cost": {
        "cost": 0.018456,
        "input_tokens": 16011,
        "output_tokens": 646
    },
    "config": {
        "model_name": "moonshotai/kimi-k2",
        "few_shot": 0,
        "link": "https://arxiv.org/pdf/2311.16840",
        "schema_name": "fr",
        "context": "all",
        "format": "pdf_plumber",
        "max_model_len": null,
        "max_output_len": null,
        "browse_web": false,
        "backend": "openrouter"
    },
    "error": null
}