{
    "metadata": {
        "Name": "CFDD",
        "Volume": 100000000.0,
        "Unit": "sentences",
        "License": "cc-by-nc-sa",
        "Link": "https://huggingface.co/datasets/OpenLLM-France/Claire-Dialogue-French-0.1",
        "HF_Link": "https://huggingface.co/OpenLLM-France/Claire-7B-0.1",
        "Year": 2023,
        "Domain": [
            "books",
            "public datasets"
        ],
        "Form": "text",
        "Collection_Style": [
            "manual curation",
            "LLM generated"
        ],
        "Description": "A resource created by members of Linagora for the OpenLLM France initiative, designed for NLP tasks requiring understanding and generation of spontaneous, oral French dialogue.",
        "Ethical_Risks": "Low",
        "Provider": [
            "Linagora"
        ],
        "Derived_From": [],
        "Paper_Title": "The Claire French Dialogue Dataset",
        "Paper_Link": "",
        "Tokenized": false,
        "Host": "HuggingFace",
        "Access": "Free",
        "Cost": "",
        "Test_Split": true,
        "Tasks": [
            "question answering",
            "text generation",
            "language modeling",
            "other"
        ],
        "Venue_Title": "",
        "Venue_Type": "preprint",
        "Venue_Name": "",
        "Authors": [
            "Julie Hunter",
            "Jerome Louradour",
            "Virgile Rennard",
            "Ismau00b4l Harrando",
            "Guokan Shang",
            "Jean-Pierre Lorre"
        ],
        "Affiliations": [
            "Linagora"
        ],
        "Abstract": "We present the Claire French Dialogue Dataset (CFDD), 2 a resource created by members of Linagora in the context of the OpenLLM France initiative. CFDD is a corpus containing roughly 160 million words from transcripts and stage plays in French that we have assembled and publicly released in an effort to further the development of multilingual, open-source language models. This paper describes the 24 individual corpora of which CFDD is composed and provides links and citations to their original sources. It also provides our proposed breakdown of the full CFDD dataset into eight categories of subcorpora and describes the process we followed to standardize the format of the final dataset. We conclude with a discussion of similar work and future directions.",
        "Language": "fr"
    },
    "validation": {
        "precision": 0.6486520917160271,
        "recall": 0.6670563330868376,
        "f1": 0.657725492354479,
        "length": 0.9655172413793104
    },
    "cost": {
        "cost": 0,
        "input_tokens": 0,
        "output_tokens": 0
    },
    "config": {
        "model_name": "gemma-3-4b-it-sft-8192v2",
        "few_shot": 0,
        "link": "https://arxiv.org/pdf/2311.16840",
        "schema_name": "fr",
        "context": "all",
        "format": "pdf_plumber",
        "max_model_len": 8192,
        "max_output_len": 2048,
        "browse_web": false,
        "backend": "vllm"
    },
    "error": null
}