{
    "metadata": {
        "Name": "Claire French Dialogue Dataset",
        "Volume": 160000000.0,
        "Unit": "words",
        "License": "CC BY-NC-SA",
        "Link": "",
        "HF_Link": "",
        "Year": 2023,
        "Domain": [
            "news articles",
            "reviews",
            "commentary",
            "books",
            "wikipedia"
        ],
        "Form": "text",
        "Collection_Style": [
            "human annotation",
            "transcription"
        ],
        "Description": "A resource created by members of LINAGORALabs in effort to further the development of multilingual, open source language models.",
        "Ethical_Risks": "Low",
        "Provider": [
            "LINAGORA",
            "Isma\u00efl Harrando",
            "Guokan Shang",
            "Jean-Pierre Lorr\u00e9"
        ],
        "Derived_From": [
            "Ortolang",
            "CEFC",
            "Parole Publique",
            "ROOTS",
            "RefinedWeb",
            "OSCAR",
            "RedPajama"
        ],
        "Paper_Title": "THE CLAIRE FRENCH DIALOGUE DATASET",
        "Paper_Link": "https://huggingface.co/datasets/OpenLLM-France/Claire-Dialogue-French-0.1",
        "Tokenized": false,
        "Host": "HuggingFace",
        "Access": "Free",
        "Cost": "",
        "Test_Split": false,
        "Tasks": [
            "question answering",
            "machine translation",
            "speech recognition",
            "sentiment analysis",
            "language modeling"
        ],
        "Venue_Title": "",
        "Venue_Type": "",
        "Venue_Name": "",
        "Authors": [
            "Julie Hunter",
            "J\u00e9r\u00f4me Louradour",
            "Virgile Rennard",
            "Isma\u00efl Harrando",
            "Guokan Shang",
            "Jean-Pierre Lorr\u00e9"
        ],
        "Affiliations": [
            "Toulouse,France",
            "Ecole Polytechnique",
            "Paris,France",
            "Toulouse,France",
            "LINAGORA",
            "LINAGORA",
            "LINAGORA",
            "Toulouse,France"
        ],
        "Abstract": "",
        "Language": "fr"
    },
    "validation": {
        "precision": 0.4561007376195533,
        "recall": 0.4461995734869183,
        "f1": 0.45109583159369887,
        "length": 0.9655172413793104
    },
    "cost": {
        "cost": 0,
        "input_tokens": 0,
        "output_tokens": 0
    },
    "config": {
        "model_name": "gemma-3-4b-it",
        "few_shot": 0,
        "link": "https://arxiv.org/pdf/2311.16840",
        "schema_name": "fr",
        "context": "all",
        "format": "pdf_plumber",
        "max_model_len": 8192,
        "max_output_len": 2048,
        "browse_web": false,
        "backend": "vllm"
    },
    "error": null
}