{
    "metadata": {
        "Name": "TUNIZI",
        "Volume": 0.0,
        "Unit": "sentences",
        "License": "",
        "Link": "",
        "HF_Link": "",
        "Year": 2020,
        "Domain": [
            "social media"
        ],
        "Form": "text",
        "Collection_Style": [
            "manual curation"
        ],
        "Description": "TUNIZI is a Tunisian Arabizi sentiment analysis dataset collected from social networks.",
        "Ethical_Risks": "Low",
        "Provider": [],
        "Derived_From": [],
        "Paper_Title": "TUNIZI: A TUNISIAN ARABIZI SENTIMENT ANALYSIS DATASET",
        "Paper_Link": "https://github.com/chaymafourati/TUNIZI-Sentiment-Analysis-Tunisian-Arabizi-Dataset",
        "Tokenized": true,
        "Host": "GitHub",
        "Access": "Free",
        "Cost": "",
        "Test_Split": false,
        "Tasks": [
            "sentiment analysis"
        ],
        "Venue_Title": "ICLR",
        "Venue_Type": "conference",
        "Venue_Name": "International Conference on Machine Learning Research",
        "Authors": [
            "Chayma Fourati",
            "Abir Messaoudi",
            "Hatem Haddad"
        ],
        "Affiliations": [
            "iCompass"
        ],
        "Abstract": "On social media, Arabic people tend to express themselves in their own local dialects. More particularly, Tunisians use the informal way called Tunisian Arabizi. Analytical studies seek to explore and recognize online opinions aiming to exploit them for planning and prediction purposes such as measuring customer satisfaction and establishing sales and marketing strategies. However, analytical studies based on deep learning are data hungry. For instance, to the best of our knowledge, no annotated Tunisian Arabizi dataset exists. In this paper, we introduce TUNIZI as a sentiment analysis Tunisian Arabizi dataset, collected from social networks, preprocessed for analytical studies and annotated manually by Tunisian native speakers.",
        "Subsets": [],
        "Dialect": "Tunisian",
        "Language": "ar",
        "Script": "Latin"
    },
    "validation": {
        "precision": 0.5894235571852289,
        "recall": 0.6287184609975774,
        "f1": 0.6084372203202363,
        "length": 0.96875
    },
    "cost": {
        "cost": 0,
        "input_tokens": 0,
        "output_tokens": 0
    },
    "config": {
        "model_name": "NuExtract-2.0-4B",
        "few_shot": 0,
        "link": "https://arxiv.org/pdf/2004.14303",
        "schema_name": "ar",
        "context": "all",
        "format": "pdf_plumber",
        "max_model_len": 8912,
        "max_output_len": 2048,
        "browse_web": false,
        "backend": "vllm"
    },
    "error": null
}