{
    "metadata": {
        "Name": "d v i X",
        "Volume": -0.79,
        "Unit": "images",
        "License": "CDLA-SHARING-1.0",
        "Link": "https://www.A.com",
        "HF_Link": "https://www.b.com",
        "Year": 1963,
        "Domain": [
            "other",
            "books",
            "news articles",
            "wikipedia",
            "captions",
            "social media"
        ],
        "Form": "images",
        "Collection_Style": [
            "crawling",
            "machine annotation",
            "LLM generated",
            "other",
            "manual curation",
            "human annotation"
        ],
        "Description": "d U k k J W g a t b F S j f r X g Y s y p W X",
        "Ethical_Risks": "High",
        "Provider": [],
        "Derived_From": [],
        "Paper_Title": "j Z f E i U X P q m N p v c g b e d v C M h v H e x t X d v v L q k p y X P o D J P",
        "Paper_Link": "https://www.C.com",
        "Tokenized": false,
        "Host": "LDC",
        "Access": "Upon-Request",
        "Cost": "j",
        "Test_Split": false,
        "Tasks": [
            "intent classification",
            "question answering",
            "dependency parsing"
        ],
        "Venue_Title": "G",
        "Venue_Type": "preprint",
        "Venue_Name": "N p R x y l f",
        "Authors": [],
        "Affiliations": [],
        "Abstract": "p F w N e z X C v G b o I a u U K x M s T I k e d n B g S U N d S o g B k f X C M V o x D h g g u y D p G M l z A z X x h z U l s u Z S Y J e X W u s g a o H p U h D j w L t r H J h W h q k j s Z w z L P w k K V b G T s M J m p e T N O T v c K I H C M w x n y r c c s p a d w l F D l k F F e q B U n B j e T r R n L p A u z T m p C a z w V v z w e m Q h T l F Q D U u X m l R o s Z f U F P K O A y G o a F L i v l T Z a B w c u o Y D l L C o M U d p r t y E h a A t H Q T i j Z h k V z N Y m g m t F g z V G b E z q X C i T Q M C K e h u j q p X k q M m S I I l r i a D d G s z d m a X q Q r I h V x h q H L O v a U B P Y K N D g X i A G I R K e m R j X X U M R D L w S f G K F c r M t G U z s I x A i N r P X a B o y b B C W b u g s c o Z n J K W Z N N A u R n g Z P X m J B T i T h S Q E c i r p p z u w i O D w r a L V I I n F d W o R B d H E W G C u w q a O Q o n B q r K w h a A O K O t y b V H P N U s Z i k s K a M D m j N v D m L S U Q f j w d w u o w N s r p z N k u w H I K Q E s D D o Q u V h e S s d L I y q R X b u g Z H v h h T A i U V K L L L B Q J K u j P Q e j n P r K O A x V N x h G j A U q X k P F Q B K V h O c e A a O f F D r t s R H h W j g r F c H K P V F P i V W v w F G n q S x j x n X d f b b u J U q P M K y S B u O W b A R e s f Y i A P X a r X K i O i J X W r",
        "Subsets": [],
        "Dialect": "Classical Arabic",
        "Language": "multilingual",
        "Script": "Arab-Latin"
    },
    "validation": {
        "precision": 0.2792602228139172,
        "recall": 0.28930614243008307,
        "f1": 0.28419443264741173,
        "length": 0.96875
    },
    "cost": {
        "cost": 0,
        "input_tokens": 0,
        "output_tokens": 0
    },
    "config": {
        "model_name": "baseline-random",
        "few_shot": 0,
        "link": "https://arxiv.org/pdf/2004.14303",
        "schema_name": "ar",
        "context": "all",
        "format": "pdf_plumber",
        "max_model_len": null,
        "max_output_len": null,
        "browse_web": false,
        "backend": "openrouter"
    },
    "error": null
}