{
    "metadata": {
        "Name": "TUNIZI",
        "Volume": 9210.0,
        "Unit": "sentences",
        "License": "unknown",
        "Link": "https://github.com/chaymafourati/TUNIZI-Sentiment-Analysis-Tunisian-Arabizi-Dataset",
        "HF_Link": "",
        "Year": 2020,
        "Domain": [
            "social media"
        ],
        "Form": "text",
        "Collection_Style": [
            "crawling",
            "human annotation"
        ],
        "Description": "First Tunisian Arabizi sentiment dataset with 9K balanced comments from YouTube.",
        "Ethical_Risks": "Medium",
        "Provider": [
            "iCompass"
        ],
        "Derived_From": [],
        "Paper_Title": "TUNIZI: A TUNISIAN ARABIZI SENTIMENT ANALYSIS DATASET",
        "Paper_Link": "https://openreview.net/pdf?id=rkg1vYBFPH",
        "Tokenized": false,
        "Host": "GitHub",
        "Access": "Free",
        "Cost": "",
        "Test_Split": false,
        "Tasks": [
            "sentiment analysis"
        ],
        "Venue_Title": "ICLR",
        "Venue_Type": "conference",
        "Venue_Name": "International Conference on Learning Representations",
        "Authors": [
            "Chayma Fourati",
            "Abir Messaoudi",
            "Hatem Haddad"
        ],
        "Affiliations": [
            "iCompass"
        ],
        "Abstract": "On social media, Arabic people tend to express themselves in their own local dialects. More particularly, Tunisians use the informal way called \u201cTunisian Arabizi\u201d. Analytical studies seek to explore and recognize online opinions aiming to exploit them for planning and prediction purposes such as measuring the customer satisfaction and establishing sales and marketing strategies. However, analytical studies based on Deep Learning are data hungry. On the other hand, African languages and dialects are considered low resource languages. For instance, to the best of our knowledge, no annotated Tunisian Arabizi dataset exists. In this paper, we introduce TUNIZI a sentiment analysis Tunisian Arabizi Dataset, collected from social networks, preprocessed for analytical studies and annotated manually by Tunisian native speakers.",
        "Subsets": [],
        "Dialect": "Tunisia",
        "Language": "ar",
        "Script": "Latin"
    },
    "validation": {
        "precision": 0.8264008620689655,
        "recall": 0.8481609195402299,
        "f1": 0.8371395105024932,
        "length": 1.0
    },
    "cost": {
        "cost": 0.0044659,
        "input_tokens": 5207,
        "output_tokens": 504
    },
    "config": {
        "model_name": "moonshotai/kimi-k2-0905",
        "few_shot": 0,
        "link": "https://arxiv.org/pdf/2004.14303",
        "schema_name": "ar",
        "context": "all",
        "format": "pdf_plumber",
        "version": "2.0",
        "max_model_len": null,
        "max_output_len": null,
        "browse_web": false,
        "backend": "openrouter"
    },
    "error": null
}