{
    "metadata": {
        "Name": "TUNIZI: A TUNISIAN ARABIZI SENTIMENT ANALYSIS DATASET",
        "Volume": 0.0,
        "Unit": "",
        "License": "",
        "Link": "",
        "HF_Link": "",
        "Year": 2025,
        "Domain": [
            "social media"
        ],
        "Form": "text",
        "Collection_Style": [
            "crawling"
        ],
        "Description": "",
        "Ethical_Risks": "",
        "Provider": [],
        "Derived_From": [],
        "Paper_Title": "",
        "Paper_Link": "",
        "Tokenized": false,
        "Host": "",
        "Access": "",
        "Cost": "",
        "Test_Split": false,
        "Tasks": [],
        "Venue_Title": "",
        "Venue_Type": "",
        "Venue_Name": "",
        "Authors": [
            "Chayma Fourati",
            "Abir Messaoudi",
            "Hatem Haddad"
        ],
        "Affiliations": [
            "iCompass"
        ],
        "Abstract": "On social media, Arabic people tend to express themselves in their own local dialects. More particularly, Tunisians use the informal way called 'Tunisian Arabizi'. Analytical studies seek to explore and recognize online opinions aiming to exploit them for planning and prediction purposes such as measuring customer satisfaction and establishing sales and marketing strategies. However, analytical studies based on deep learning are data hungry. On the other hand, African languages and dialects are considered low-resource languages. For instance, to the best of our knowledge, no annotated Tunisian Arabizi dataset exists. In this paper, we introduce TUNIZI, a Tunisian Arabizi dataset for sentiment analysis studies. TUNIZI includes more than 9,000 Tunisian sentences written only in Tunisian Arabizi. TUNIZI is collected from comments on YouTube social networks. The collection includes sports, politics, comedy, TV shows, TV series, arts, and Tunisian music videos, making the dataset representative and containing different types of ages, background, writing, etc. A script was written by iCompass Team and used in all web scraping activities. After collecting the comments, another script was written to remove comments written in French and English. The choice of French and English was made by iCompass Team because they represent the most used languages by Tunisians. However, not all non-Tunisian Arabizi comments were removed, so an manual process was conducted to ensure the dataset contains only Tunisian Arabizi comments.",
        "Subsets": [],
        "Dialect": "Mixed",
        "Language": "ar",
        "Script": "Arab-Latin"
    },
    "validation": {
        "precision": 0.4147445225278485,
        "recall": 0.4423941573630384,
        "f1": 0.42812337809326295,
        "length": 0.90625
    },
    "cost": {
        "cost": 0,
        "input_tokens": 0,
        "output_tokens": 0
    },
    "config": {
        "model_name": "NuExtract-2.0-2B",
        "few_shot": 0,
        "link": "https://arxiv.org/pdf/2004.14303",
        "schema_name": "ar",
        "context": "all",
        "format": "pdf_plumber",
        "max_model_len": 8912,
        "max_output_len": 2048,
        "browse_web": false,
        "backend": "vllm"
    },
    "error": null
}