{
    "metadata": {
        "Name": "TUNIZI",
        "Volume": 1999.0,
        "Unit": "sentences",
        "License": "unknown",
        "Link": "https://github.com/chaymafourati/TUNIZI-Sentiment-Analysis-Tunisian-Arabizi-Dataset",
        "HF_Link": "",
        "Year": 2020,
        "Domain": [
            "social media"
        ],
        "Form": "text",
        "Collection_Style": [
            "crawling",
            "human annotation"
        ],
        "Description": "A Tunisian Arabizi sentiment analysis dataset collected from comments on YouTube.",
        "Ethical_Risks": "Medium",
        "Provider": [
            "iCompass"
        ],
        "Derived_From": [],
        "Paper_Title": "TUNIZI: A Tunisian ArabiziseSentimentAnalysisDataset",
        "Paper_Link": "",
        "Tokenized": false,
        "Host": "GitHub",
        "Access": "Free",
        "Cost": "",
        "Test_Split": false,
        "Tasks": [
            "sentiment analysis"
        ],
        "Venue_Title": "ICLR",
        "Venue_Type": "conference",
        "Venue_Name": "",
        "Authors": [
            "ChaymaFourati",
            "AbirMessaoudi",
            "HatemHaddad"
        ],
        "Affiliations": [
            "iCompass"
        ],
        "Abstract": "On social media, Tunisian Arabiziseiponents tend to express themselves in their own local dialects. More particularly, Tunisian use the informal way called u201cTunisian Arabiziseiponents",
        "Subsets": [],
        "Dialect": "mixed",
        "Language": "ar",
        "Script": "Latin"
    },
    "validation": {
        "precision": 0.7140840714714385,
        "recall": 0.7283563429028678,
        "f1": 0.7211495984709169,
        "length": 0.96875
    },
    "cost": {
        "cost": 0,
        "input_tokens": 0,
        "output_tokens": 0
    },
    "config": {
        "model_name": "gemma-3-4b-it-sft-8192v2",
        "few_shot": 0,
        "link": "https://arxiv.org/pdf/2004.14303",
        "schema_name": "ar",
        "context": "all",
        "format": "pdf_plumber",
        "max_model_len": 8192,
        "max_output_len": 2048,
        "browse_web": false,
        "backend": "vllm"
    },
    "error": null
}