{
    "metadata": {
        "Name": "TUNIZI",
        "Volume": 9210.0,
        "Unit": "sentences",
        "License": "unknown",
        "Link": "https://github.com/chaymafourati/TUNIZI-Sentiment-Analysis-Tunisian-Arabizi-Dataset",
        "HF_Link": "{'answer_type': 0, 'answer_min': 0, 'answer_max': 1}",
        "Year": 2020,
        "Domain": [
            "social media",
            "news articles",
            "reviews",
            "commentary",
            "TV Shows",
            "TV Series",
            "arts",
            "music"
        ],
        "Form": "text",
        "Collection_Style": [
            "crawling",
            "human annotation"
        ],
        "Description": "A Tunisian Arabizi sentiment analysis dataset, collected from social networks and annotated manually by Tunisian nativespeakers.",
        "Ethical_Risks": "Medium",
        "Provider": [
            "iCompass"
        ],
        "Derived_From": [
            "Bouamoretal.(2014)"
        ],
        "Paper_Title": "TUNIZI: A TUNISIAN ARABIZI SENTIMENT ANALYSIS DATASET",
        "Paper_Link": "https://arxiv.org/pdf/2504.21677",
        "Tokenized": false,
        "Host": "GitHub",
        "Access": "Free",
        "Cost": "",
        "Test_Split": false,
        "Tasks": [
            "sentiment analysis"
        ],
        "Venue_Title": "ICLR",
        "Venue_Type": "conference",
        "Venue_Name": "International Conference on Learning Representations",
        "Authors": [
            "ChaymaFourati",
            "iCompass",
            "AbirMessaoudi",
            "HatemHaddad"
        ],
        "Affiliations": [
            "iCompass"
        ],
        "Abstract": "",
        "Subsets": [],
        "Dialect": "mixed",
        "Language": "ar",
        "Script": "Arab-Latin"
    },
    "validation": {
        "precision": 0.6987914718383469,
        "recall": 0.7081980827814162,
        "f1": 0.7034633327518378,
        "length": 0.9375
    },
    "cost": {
        "cost": 0,
        "input_tokens": 0,
        "output_tokens": 0
    },
    "config": {
        "model_name": "gemma-3-4b-it",
        "few_shot": 0,
        "link": "https://arxiv.org/pdf/2004.14303",
        "schema_name": "ar",
        "context": "all",
        "format": "pdf_plumber",
        "max_model_len": 8192,
        "max_output_len": 2048,
        "browse_web": false,
        "backend": "vllm"
    },
    "error": null
}