{
    "metadata": {
        "Name": "TUNIZI",
        "Volume": 9210.0,
        "Unit": "sentences",
        "License": "unknown",
        "Link": "https://github.com/chaymafourati/TUNIZI-Sentiment-Analysis-Tunisian-Arabizi-Dataset",
        "HF_Link": "",
        "Year": 2020,
        "Domain": [
            "social media"
        ],
        "Form": "text",
        "Collection_Style": [
            "crawling",
            "manual curation"
        ],
        "Description": "a sentiment analysis Tunisian Arabizi Dataset, collected from social networks, preprocessed for analytical studies and annotated manually by Tunisian native speakers.",
        "Ethical_Risks": "Medium",
        "Provider": [
            "iCompass"
        ],
        "Derived_From": [],
        "Paper_Title": "TUNIZI: A TUNISIAN ARABIZI SENTIMENT ANALYSIS DATASET",
        "Paper_Link": "",
        "Tokenized": false,
        "Host": "GitHub",
        "Access": "Free",
        "Cost": "",
        "Test_Split": false,
        "Tasks": [
            "sentiment analysis"
        ],
        "Venue_Title": "ICLR",
        "Venue_Type": "conference",
        "Venue_Name": "",
        "Authors": [
            "Chayma Fourati",
            "Abir Messaoudi",
            "Hatem Haddad"
        ],
        "Affiliations": [
            "iCompass"
        ],
        "Abstract": "On social media, Arabic people tend to express themselves in their own local dialects. Moreparticularly,Tunisiansusetheinformalwaycalled\u201dTunisianAra-bizi\u201d. Analyticalstudiesseektoexploreandrecognizeonlineopinionsaimingtoexploitthemforplanningandpredictionpurposessuchasmeasuringthecustomer satisfactionandestablishingsalesandmarketingstrategies. However, analytical studies based on Deep Learning are data hungry. On theotherhand,Africanlanguagesanddialectsareconsideredlowresourcelanguages. Forinstance,tothebestofourknowledge,noannotatedTunisianArabizidataset exists. Inthispaper,weintroduceTUNIZIasentimentanalysisTunisianArabizi Dataset, collected from social networks, preprocessed for analytical studies and annotatedmanuallybyTunisiannativespeakers.",
        "Subsets": [],
        "Dialect": "mixed",
        "Language": "ar",
        "Script": "Latin"
    },
    "validation": {
        "precision": 0.7987888060177217,
        "recall": 0.8187080597522365,
        "f1": 0.8086257814357749,
        "length": 0.96875
    },
    "cost": {
        "cost": 0.00061984,
        "input_tokens": 5210,
        "output_tokens": 548
    },
    "config": {
        "model_name": "google_gemma-3-27b-it",
        "few_shot": 0,
        "link": "https://arxiv.org/pdf/2004.14303",
        "schema_name": "ar",
        "context": "all",
        "format": "pdf_plumber",
        "max_model_len": null,
        "max_output_len": null,
        "browse_web": false,
        "backend": "openrouter"
    },
    "error": null
}