{
    "metadata": {
        "Name": "TUNIZI",
        "Volume": 9200.0,
        "Unit": "sentences",
        "License": "unknown",
        "Link": "https://github.com/chaymafourati/TUNIZI-Sentiment-Analysis-Tunisian-Arabizi-Dataset",
        "HF_Link": "",
        "Year": 2020,
        "Domain": [
            "social media"
        ],
        "Form": "text",
        "Collection_Style": [
            "crawling"
        ],
        "Description": "A Tunisian Arabizi sentiment analysis dataset collected from YouTube.",
        "Ethical_Risks": "Medium",
        "Provider": [
            "iCompass"
        ],
        "Derived_From": [],
        "Paper_Title": "TUNIZI: A TUNISIAN ARABIZI SENTIMENT ANALYSIS DATASET",
        "Paper_Link": "",
        "Tokenized": false,
        "Host": "GitHub",
        "Access": "Free",
        "Cost": "",
        "Test_Split": false,
        "Tasks": [
            "sentiment analysis"
        ],
        "Venue_Title": "ICLR",
        "Venue_Type": "conference",
        "Venue_Name": "",
        "Authors": [
            "ChaymaFourati",
            "AbirMessaoudi",
            "HatemHaddad"
        ],
        "Affiliations": [
            "iCompass"
        ],
        "Abstract": "On social media, Arabic people tend to express themselves in their own local dialects. Moreparticularly,Tunisianusetheinformalwaycalledu201cTunisianArabiziyu201d. Analyticalstudiesseektoexploreandrecognizeonlineopinionsaimingto exploitthemforplanningandpredictionpurposessuchasmeasuringthecustomer satisfactionandestablishingsalesandmarketingstrategies. However, analytical studies based on Deep Learning are data hungry. On the otherhand,Africanlanguagesanddialectsareconsideredlowresourcelanguages. Forinstance,tothebestofourknowledge,noannotatedTunisianArabizidataset exists. Inthispaper,weintroduceTUNIZIasentimentanalysisTunisianArabizidataset, collected from social networks, preprocessed for analytical studies and annotatedmanuallybyTunisiannativespeakers.",
        "Subsets": [],
        "Dialect": "mixed",
        "Language": "ar",
        "Script": "Arab"
    },
    "validation": {
        "precision": 0.7346503806047191,
        "recall": 0.7502937393117004,
        "f1": 0.7423896613452406,
        "length": 0.96875
    },
    "cost": {
        "cost": 0,
        "input_tokens": 0,
        "output_tokens": 0
    },
    "config": {
        "model_name": "gemma-3-4b-it-sft-8912",
        "few_shot": 0,
        "link": "https://arxiv.org/pdf/2004.14303",
        "schema_name": "ar",
        "context": "all",
        "format": "pdf_plumber",
        "max_model_len": 8192,
        "max_output_len": 2048,
        "browse_web": false,
        "backend": "vllm"
    },
    "error": null
}