{
    "metadata": {
        "Name": "TUNIZI",
        "Volume": 19999.0,
        "Unit": "sentences",
        "License": "unknown",
        "Link": "https://github.com/chaymafourati/TUNIZI-Sentiment-Analysis-Tunisian-Arabizi-Dataset",
        "HF_Link": "",
        "Year": 2020,
        "Domain": [
            "social media"
        ],
        "Form": "text",
        "Collection_Style": [
            "crawling",
            "manual curation"
        ],
        "Description": "A Tunisian Arabizi sentiment analysis dataset collected from YouTube comments.",
        "Ethical_Risks": "Medium",
        "Provider": [
            "iCompass"
        ],
        "Derived_From": [],
        "Paper_Title": "TUNIZI: A TUNISIAN ARABIZI SENTIMENT ANALYSIS DATASET",
        "Paper_Link": "",
        "Tokenized": false,
        "Host": "GitHub",
        "Access": "Free",
        "Cost": "",
        "Test_Split": true,
        "Tasks": [
            "sentiment analysis"
        ],
        "Venue_Title": "ICLR",
        "Venue_Type": "conference",
        "Venue_Name": "International Conference on Learning Representations",
        "Authors": [
            "ChaymaFourati",
            "AbirMessaoudi",
            "HatemHaddad"
        ],
        "Affiliations": [
            "iCompass"
        ],
        "Abstract": "On social media, Arabic people tend to express themselves in their own local dialects. More particularly,Tunisiansusetheinformalwaycalledu201cTunisianArabizu201d. Analytical studies seek to explore and recognize online opinions aiming to exploit them for planning and prediction purposes such as measuring the customer satisfaction and establishing sales and marketing strategies. However, analytical studies based on Deep Learning are data hungry. On the other hand, African languages and dialects are considered low resource languages. For instance, to the best of our knowledge, no annotated Tunisian Arabizidataset exists. In this paper, we introduce TUNIZI as a sentiment analysis Tunisian Arabizidataset, collected from social networks, preprocessed for analytical studies and annotated manually by Tunisian native speakers.",
        "Subsets": [],
        "Dialect": "mixed",
        "Language": "ar",
        "Script": "Latin"
    },
    "validation": {
        "precision": 0.6896032380396641,
        "recall": 0.702243453908975,
        "f1": 0.6958659491869625,
        "length": 0.96875
    },
    "cost": {
        "cost": 0,
        "input_tokens": 0,
        "output_tokens": 0
    },
    "config": {
        "model_name": "gemma-3-4b-it-sft-16384v2",
        "few_shot": 0,
        "link": "https://arxiv.org/pdf/2004.14303",
        "schema_name": "ar",
        "context": "all",
        "format": "pdf_plumber",
        "max_model_len": 16384,
        "max_output_len": 2048,
        "browse_web": false,
        "backend": "vllm"
    },
    "error": null
}