{
    "metadata": {
        "Name": "20min-XD",
        "Volume": 15000.0,
        "Unit": "sentences",
        "License": "unknown",
        "Link": "https://huggingface.co/datasets/Zuri chNLP/20min-XD",
        "HF_Link": "0",
        "Year": 2024,
        "Domain": [
            "news articles"
        ],
        "Form": "text",
        "Collection_Style": [
            "crawling"
        ],
        "Description": "A French-German document-level comparable corpus of news articles.",
        "Ethical_Risks": "Low",
        "Provider": [
            "20Minuten"
        ],
        "Derived_From": [],
        "Paper_Title": "20min-XD: A Comparable Corpus of Swiss News Articles",
        "Paper_Link": "https://arxiv.org/pdf/2504.21677",
        "Tokenized": false,
        "Host": "HuggingFace",
        "Access": "Free",
        "Cost": "",
        "Test_Split": false,
        "Tasks": [
            "text generation",
            "information retrieval",
            "other"
        ],
        "Venue_Title": "arXiv",
        "Venue_Type": "preprint",
        "Venue_Name": "",
        "Authors": [
            "Michelle Wastl",
            "Jannis Vamvas",
            "Selena Calleri",
            "Rico Sennrich"
        ],
        "Affiliations": [
            "Department of Computational Linguistics, University of Zurich",
            "20Minuten (TXGroup)"
        ],
        "Abstract": "We present 20min-XD (20 Minuten cross-lingual document-level), a French-German, document-level comparable corpus of news articles, sourced from the Swiss online news outlet 20Minuten/20minutes. Our dataset comprises around 15,000 article pairs spanning 2015 to 2024, automatically aligned based on semantic similarity. We detail the data collection process and alignment methodology. Furthermore, we provide a qualitative and quantitative analysis of the corpus. The resulting dataset exhibits a broad spectrum of cross-lingual similarity, ranging from near-translations to loosely related articles, making it valuable for various NLP applications and broadly linguistically motivated studies. We publicly release the dataset in document- and sentence-aligned versions and code for the described experiments.",
        "Language": "fr"
    },
    "validation": {
        "precision": 0.7126277204256485,
        "recall": 0.7126277204256485,
        "f1": 0.7126277204256485,
        "length": 0.9310344827586207
    },
    "cost": {
        "cost": 0,
        "input_tokens": 0,
        "output_tokens": 0
    },
    "config": {
        "model_name": "gemma-3-4b-it-sft-16384",
        "few_shot": 0,
        "link": "https://arxiv.org/pdf/2504.21677",
        "schema_name": "fr",
        "context": "all",
        "format": "pdf_plumber",
        "max_model_len": 16384,
        "max_output_len": 2048,
        "browse_web": false,
        "backend": "vllm"
    },
    "error": null
}