{
    "metadata": {
        "Name": "W X c",
        "Volume": -0.24,
        "Unit": "documents",
        "License": "AFL-3.0",
        "Link": "https://www.O.com",
        "HF_Link": "https://www.h.com",
        "Year": 2021,
        "Domain": [
            "public datasets",
            "LLM",
            "social media",
            "books",
            "reviews",
            "commentary",
            "news articles",
            "wikipedia",
            "other",
            "captions",
            "web pages",
            "TV Channels"
        ],
        "Form": "videos",
        "Collection_Style": [
            "machine annotation",
            "manual curation",
            "other",
            "LLM generated"
        ],
        "Description": "j O g o R E S S Z Z K y Z m o o R N j l p u r L I W S m x E N b P K",
        "Ethical_Risks": "Medium",
        "Provider": [],
        "Derived_From": [],
        "Paper_Title": "o N q G Q j X E i w U g w K H N b I w o E y e T s X Q q y q W e f d m w d E R b C h P I R J i J i z i t x X h O T",
        "Paper_Link": "https://www.h.com",
        "Tokenized": false,
        "Host": "OneDrive",
        "Access": "Upon-Request",
        "Cost": "",
        "Test_Split": true,
        "Tasks": [
            "image captioning",
            "optical character recognition",
            "speech recognition",
            "morphological analysis"
        ],
        "Venue_Title": "D",
        "Venue_Type": "conference",
        "Venue_Name": "C t p x l",
        "Authors": [],
        "Affiliations": [],
        "Abstract": "b P f r h Z f P S y p h n s v E A E z m G I o f j n O o f f k d J B c F z U i J k F X R V a T L c W e k s U w S m K W C V x k R B G w L X v R A X U d D R q G F U Q H v v k v v K l x a J y b r O Z Z G D U N T B d d p j o m e W j p n A X a g m w K E F S d O l O W T B S A T x t h p U I d u w V E O Q c O A B t O e f K Y Y u k v k N L y v s M L p T t W m k I V v o V U i c I U F W b j z H c i R t W l g j J B Z h b c g R S J t y O B g y R q S z T h K G s r d k I M a X O k r r y u j u d z a k k q A e N u j V e f F d u o N G E J B M Q J H I r n o I b s y s V j N V A E i o w x l Q K I h o y H h s m V n j D w Y U f H t q r s q B p K S T c o U Y i M y X V m W b h N o V v Y F n L X f t r A R K F L T m a i K M G r Y Q r C T r w p m B f o e R V h W z R n i n C r W h z F u m c F r D J T V W O F X u x I R p g b l N d e q r K w f f O X X t e m W V J O L A o R k Q G P S m E Q a R I U a H O y M G B r Q l M E N A i d z y E n M a S H n c F L P Q V S Q D H z g T c u n B r h h L e",
        "Language": "multilingual"
    },
    "validation": {
        "precision": 0.28179488622010035,
        "recall": 0.28179488622010035,
        "f1": 0.28179488622010035,
        "length": 0.9655172413793104
    },
    "cost": {
        "cost": 0,
        "input_tokens": 0,
        "output_tokens": 0
    },
    "config": {
        "model_name": "baseline-random",
        "few_shot": 0,
        "link": "https://arxiv.org/pdf/2504.21677",
        "schema_name": "fr",
        "context": "all",
        "format": "pdf_plumber",
        "max_model_len": null,
        "max_output_len": null,
        "browse_web": false,
        "backend": "openrouter"
    },
    "error": null
}