{
    "metadata": {
        "Name": "20min-XD",
        "Volume": 15000.0,
        "Unit": "documents",
        "License": "custom",
        "Link": "https://huggingface.co/datasets/ZurichNLP/20min-XD",
        "HF_Link": "https://huggingface.co/datasets/ZurichNLP/20min-XD",
        "Year": 2025,
        "Domain": [
            "news articles"
        ],
        "Form": "text",
        "Collection_Style": [
            "crawling",
            "machine annotation"
        ],
        "Description": "French-German document-level comparable corpus of Swiss news articles from 20 Minuten/20 minutes.",
        "Ethical_Risks": "Low",
        "Provider": [
            "University of Zurich",
            "20 Minuten (TX Group)"
        ],
        "Derived_From": [],
        "Paper_Title": "20min-XD: A Comparable Corpus of Swiss News Articles",
        "Paper_Link": "https://arxiv.org/pdf/2504.21677",
        "Tokenized": false,
        "Host": "HuggingFace",
        "Access": "Free",
        "Cost": "",
        "Test_Split": false,
        "Tasks": [
            "machine translation",
            "cross-lingual information retrieval"
        ],
        "Venue_Title": "arXiv",
        "Venue_Type": "preprint",
        "Venue_Name": "",
        "Authors": [
            "Michelle Wastl",
            "Jannis Vamvas",
            "Selena Calleri",
            "Rico Sennrich"
        ],
        "Affiliations": [
            "University of Zurich",
            "20 Minuten (TX Group)"
        ],
        "Abstract": "We present 20min-XD (20 Minuten cross-lingual document-level), a French-German, document-level comparable corpus of news articles, sourced from the Swiss online news outlet 20Minuten/20minutes. Our dataset comprises around 15,000 article pairs spanning 2015 to 2024, automatically aligned based on semantic similarity. We detail the data collection process and alignment methodology. Furthermore, we provide a qualitative and quantitative analysis of the corpus. The resulting dataset exhibits a broad spectrum of cross-lingual similarity, ranging from near-translations to loosely related articles, making it valuable for various NLP applications and broad linguistically motivated studies. We publicly release the dataset in document- and sentence-aligned versions and code for the described experiments.",
        "Language": "fr"
    },
    "validation": {
        "precision": 0.8465075358928702,
        "recall": 0.8465075358928702,
        "f1": 0.8465075358928702,
        "length": 0.9655172413793104
    },
    "cost": {
        "cost": 0.00225316088,
        "input_tokens": 12911,
        "output_tokens": 514
    },
    "config": {
        "model_name": "moonshotai/kimi-k2",
        "few_shot": 0,
        "link": "https://arxiv.org/pdf/2504.21677",
        "schema_name": "fr",
        "context": "all",
        "format": "pdf_plumber",
        "max_model_len": null,
        "max_output_len": null,
        "browse_web": false,
        "backend": "openrouter"
    },
    "error": null
}