{
    "metadata": {
        "Name": "20min-XD",
        "Volume": 0.0,
        "Unit": "sentences",
        "License": "",
        "Link": "https://huggingface.co/datasets/ZurichNLP/20min-XD",
        "HF_Link": "https://huggingface.co/datasets/ZurichNLP/20min-XD",
        "Year": 2024,
        "Domain": [
            "news articles"
        ],
        "Form": "text",
        "Collection_Style": [
            "human annotation"
        ],
        "Description": "A Comparable Corpus of Swiss News Articles",
        "Ethical_Risks": "Low",
        "Provider": [],
        "Derived_From": [],
        "Paper_Title": "20min-XD: A Comparable Corpus of Swiss News Articles",
        "Paper_Link": "",
        "Tokenized": true,
        "Host": "HuggingFace",
        "Access": "",
        "Cost": "",
        "Test_Split": true,
        "Tasks": [
            "cross-lingual information retrieval"
        ],
        "Venue_Title": "",
        "Venue_Type": "",
        "Venue_Name": "",
        "Authors": [
            "MichelleWastl",
            "JannisVamvas",
            "SelenaCalleri",
            "RicoSennrich"
        ],
        "Affiliations": [
            "Department of Computational Linguistics, University of Zurich"
        ],
        "Abstract": "We present 20min-XD (20 Minuten cross- rather than full documents), a French-German document-level comparable corpus of news articles sourced from the Swiss online news outlet 20Minuten/20minutes.",
        "Language": "fr"
    },
    "validation": {
        "precision": 0.40687939538148743,
        "recall": 0.40687939538148743,
        "f1": 0.4068793953814875,
        "length": 0.9655172413793104
    },
    "cost": {
        "cost": 0,
        "input_tokens": 0,
        "output_tokens": 0
    },
    "config": {
        "model_name": "NuExtract-2.0-4B",
        "few_shot": 0,
        "link": "https://arxiv.org/pdf/2504.21677",
        "schema_name": "fr",
        "context": "all",
        "format": "pdf_plumber",
        "max_model_len": 8912,
        "max_output_len": 2048,
        "browse_web": false,
        "backend": "vllm"
    },
    "error": null
}