{
    "metadata": {
        "Name": "20min-XD",
        "Volume": 15000.0,
        "Unit": "articles",
        "License": "unknown",
        "Link": "",
        "HF_Link": "",
        "Year": 2015,
        "Domain": [
            "news articles"
        ],
        "Form": "text",
        "Collection_Style": [
            "automatic",
            "manual"
        ],
        "Description": "French-German, document-level comparable corpus of news articles",
        "Ethical_Risks": "Medium",
        "Provider": [
            "UniversityofZurich"
        ],
        "Derived_From": [],
        "Paper_Title": "20min-XD: A Comparable Corpus of Swiss News Articles",
        "Paper_Link": "https://huggingface.co/datasets/ZurichNLP/20min-XD",
        "Tokenized": true,
        "Host": "HuggingFace",
        "Access": "Free",
        "Cost": "",
        "Test_Split": false,
        "Tasks": [
            "machine translation",
            "cross-lingual information retrieval"
        ],
        "Venue_Title": "",
        "Venue_Type": "",
        "Venue_Name": "",
        "Authors": [
            "MichelleWastl1",
            "JannisVamvas1",
            "SelenaCalleri2",
            "RicoSennrich1"
        ],
        "Affiliations": [
            "DepartmentofComputationalLinguistics,UniversityofZurich",
            "20Minuten(TXGroup)"
        ],
        "Abstract": "",
        "Language": "fr"
    },
    "validation": {
        "precision": 0.42509300277206363,
        "recall": 0.42509300277206363,
        "f1": 0.42509300277206363,
        "length": 0.9655172413793104
    },
    "cost": {
        "cost": 0,
        "input_tokens": 0,
        "output_tokens": 0
    },
    "config": {
        "model_name": "gemma-3-4b-it",
        "few_shot": 0,
        "link": "https://arxiv.org/pdf/2504.21677",
        "schema_name": "fr",
        "context": "all",
        "format": "pdf_plumber",
        "max_model_len": 8192,
        "max_output_len": 2048,
        "browse_web": false,
        "backend": "vllm"
    },
    "error": null
}