{
    "metadata": {
        "Name": "20min-XD",
        "Volume": 15000.0,
        "Unit": "sentences",
        "License": "",
        "Link": "",
        "HF_Link": "",
        "Year": 2025,
        "Domain": [
            "news articles"
        ],
        "Form": "text",
        "Collection_Style": [
            "crawling"
        ],
        "Description": "A French-German document-level comparable corpus of news articles sourced from the Swiss online news outlet 20 Minuten.",
        "Ethical_Risks": "Low",
        "Provider": [
            "University of Zurich",
            "20Minuten"
        ],
        "Derived_From": [],
        "Paper_Title": "20min-XD: A Comparable Corpus of Swiss News Articles",
        "Paper_Link": "",
        "Tokenized": false,
        "Host": "other",
        "Access": "Free",
        "Cost": "",
        "Test_Split": true,
        "Tasks": [
            "cross-lingual information retrieval"
        ],
        "Venue_Title": "ACL",
        "Venue_Type": "conference",
        "Venue_Name": "Association of Computational Linguistics",
        "Authors": [
            "MichelleWastl",
            "JannisVamvas",
            "SelenaCalleri",
            "RicoSennrich"
        ],
        "Affiliations": [
            "Department of Computational Linguistics, University of Zurich",
            "20Minuten (TX Group)"
        ],
        "Abstract": "English alongside another high-resource language and/or rare restricted to sentence-level alignmentsnWe present 20min-XD (20 Minuten cross-lingual document-level), a French-German, document-level comparable corpus of news articles, sourced from the Swiss online news outlet 20Minuten/20minutes. Our dataset comprises around 15,000 article pairs spanning 2015 to 2024, automatically aligned based on semantic similarity. We detail the data collection process and alignment methodology. Furthermore, we provide a qualitative and quantitative analysis of the corpus. The resulting dataset exhibits a broad spectrum of cross-lingual similarity, ranging from near-translations to loosely related articles, making it valuable for various NLP applications and broad linguistically motivated studies.",
        "Language": "fr"
    },
    "validation": {
        "precision": 0.47191844659984467,
        "recall": 0.47191844659984467,
        "f1": 0.47191844659984467,
        "length": 0.9655172413793104
    },
    "cost": {
        "cost": 0,
        "input_tokens": 0,
        "output_tokens": 0
    },
    "config": {
        "model_name": "NuExtract-2.0-8B",
        "few_shot": 0,
        "link": "https://arxiv.org/pdf/2504.21677",
        "schema_name": "fr",
        "context": "all",
        "format": "pdf_plumber",
        "max_model_len": 8912,
        "max_output_len": 2048,
        "browse_web": false,
        "backend": "vllm"
    },
    "error": null
}