{
    "metadata": {
        "Name": "Arabic to English Transliteration Dataset",
        "Volume": 0.0,
        "Unit": "sentences",
        "License": "",
        "Link": "",
        "HF_Link": "",
        "Year": 2025,
        "Domain": [
            "LLM"
        ],
        "Form": "text",
        "Collection_Style": [],
        "Description": "A new Arabic to English transliteration dataset and trained models.",
        "Ethical_Risks": "",
        "Provider": [],
        "Derived_From": [],
        "Paper_Title": "Sequence-to-sequence neural network models for transliteration",
        "Paper_Link": "",
        "Tokenized": false,
        "Host": "",
        "Access": "",
        "Cost": "",
        "Test_Split": false,
        "Tasks": [
            "transliteration"
        ],
        "Venue_Title": "",
        "Venue_Type": "",
        "Venue_Name": "",
        "Authors": [
            "Mihaela Rosca",
            "Thomas Breuel"
        ],
        "Affiliations": [
            "Google Zurich",
            "Google Mountain View, CA"
        ],
        "Abstract": "This paper demonstrates the application of neural network-based sequence-to-sequence models for transliteration, focusing on Arabic to English transliteration. It introduces a new corpus extracted from Wikipedia and evaluates the models on various benchmark datasets.",
        "Subsets": [],
        "Dialect": "Mixed",
        "Language": "ar",
        "Script": "Arab"
    },
    "validation": {
        "precision": 0.36682500862462386,
        "recall": 0.39128000919959877,
        "f1": 0.37865807341896657,
        "length": 0.9375
    },
    "cost": {
        "cost": 0,
        "input_tokens": 0,
        "output_tokens": 0
    },
    "config": {
        "model_name": "NuExtract-2.0-4B",
        "few_shot": 0,
        "link": "https://arxiv.org/pdf/1610.09565",
        "schema_name": "ar",
        "context": "all",
        "format": "pdf_plumber",
        "max_model_len": 8912,
        "max_output_len": 2048,
        "browse_web": false,
        "backend": "vllm"
    },
    "error": null
}