{
    "metadata": {
        "Name": "AR-EN",
        "Volume": 15898.0,
        "Unit": "sentences",
        "License": "unknown",
        "Link": "https://github.com/googlei18n/transliteration",
        "HF_Link": "",
        "Year": 2016,
        "Domain": [
            "wikipedia"
        ],
        "Form": "text",
        "Collection_Style": [
            "crawling"
        ],
        "Description": "A new Arabic to English transliteration dataset extracted from Wikipedia.",
        "Ethical_Risks": "Low",
        "Provider": [
            "Google"
        ],
        "Derived_From": [],
        "Paper_Title": "Sequence-to-sequence neural network models for transliteration",
        "Paper_Link": "",
        "Tokenized": false,
        "Host": "GitHub",
        "Access": "Free",
        "Cost": "",
        "Test_Split": true,
        "Tasks": [
            "machine translation",
            "transliteration"
        ],
        "Venue_Title": "",
        "Venue_Type": "preprint",
        "Venue_Name": "",
        "Authors": [
            "Mihaela Rosca",
            "Thomas Breuel"
        ],
        "Affiliations": [
            "Google Zurich",
            "Google Mountain View, CA"
        ],
        "Abstract": "Abstract such as hidden Markov models, logistic regression,nfinite state transducers, and/or conditional randomnfields(CRFs). Typicalexamplesofsuchmodelsaren(Ammaretal.,2012;Ganeshetal.,2008);transliter-nationinsuchasystemisbasedonanalignmentstep,nfollowedbyaCRFmodelthatperformslocalstringnrewriting.nIn many areas, including machine translation,nend-to-end deep learning models have become angood alternatives to more traditional statistical ap-nproaches. Thisisourmotivationfortakingasimilarnapproach to transliteration. Unlike statistical mod-nels, such end-to-end systems simply take a charac-nter string in the source orthography and are trainedndirectly to produce a character string in the targetnorthography. The closest approaches to the translit-neration methods described in this paper are prob-nably found in (Rao et al., 2015), using a bidirec-ntional LSTM models together with input delays forngrapheme to phoneme conversion (which can benviewedasakindof\u201ctransliteration\u201dfromEnglishtonIPA)and(YaoandZweig,2015),usingattentionlessnsequence-sequencemodelsforthesametask.",
        "Subsets": [],
        "Dialect": "mixed",
        "Language": "ar",
        "Script": "Arab-Latin"
    },
    "validation": {
        "precision": 0.7005491804979174,
        "recall": 0.7472524591977785,
        "f1": 0.7231475411591405,
        "length": 0.96875
    },
    "cost": {
        "cost": 0.001184,
        "input_tokens": 8852,
        "output_tokens": 608
    },
    "config": {
        "model_name": "google_gemma-3-27b-it",
        "few_shot": 0,
        "link": "https://arxiv.org/pdf/1610.09565",
        "schema_name": "ar",
        "context": "all",
        "format": "pdf_plumber",
        "max_model_len": null,
        "max_output_len": null,
        "browse_web": false,
        "backend": "openrouter"
    },
    "error": null
}