{
    "metadata": {
        "Name": "Arabic to English Transliteration",
        "Volume": 0.0,
        "Unit": "sentences",
        "License": "",
        "Link": "",
        "HF_Link": "",
        "Year": 2025,
        "Domain": [
            "public datasets"
        ],
        "Form": "text",
        "Collection_Style": [
            "human annotation"
        ],
        "Description": "This paper demonstrates that end-to-end recurrent neural networks achieve high performance on cross script transliteration.",
        "Ethical_Risks": "Low",
        "Provider": [
            "Google"
        ],
        "Derived_From": [],
        "Paper_Title": "Sequence-to-sequence neural network models for transliteration",
        "Paper_Link": "",
        "Tokenized": false,
        "Host": "GitHub",
        "Access": "Free",
        "Cost": "",
        "Test_Split": true,
        "Tasks": [
            "machine translation",
            "transliteration"
        ],
        "Venue_Title": "ACL",
        "Venue_Type": "conference",
        "Venue_Name": "Association of Computational Linguistics",
        "Authors": [
            "Mihaela Rosca",
            "Thomas Breuel"
        ],
        "Affiliations": [
            "Google Zurich",
            "Google Mountain View"
        ],
        "Abstract": "This paper demonstrates that end-to-end recurrent neural networks achieve high performance on cross script transliteration.",
        "Subsets": [
            {
                "Name": "Arabic to English",
                "Volume": 22.7,
                "Unit": "length",
                "Dialect": null
            },
            {
                "Name": "English to Japanese",
                "Volume": 123892,
                "Unit": "length",
                "Dialect": null
            },
            {
                "Name": "English to IPA",
                "Volume": 16356,
                "Unit": "length",
                "Dialect": null
            }
        ],
        "Dialect": "Modern Standard Arabic",
        "Language": "ar",
        "Script": "Latin"
    },
    "validation": {
        "precision": 0.5010880987609865,
        "recall": 0.5344939720117189,
        "f1": 0.5172522309790829,
        "length": 0.96875
    },
    "cost": {
        "cost": 0,
        "input_tokens": 0,
        "output_tokens": 0
    },
    "config": {
        "model_name": "NuExtract-2.0-8B",
        "few_shot": 0,
        "link": "https://arxiv.org/pdf/1610.09565",
        "schema_name": "ar",
        "context": "all",
        "format": "pdf_plumber",
        "max_model_len": 8912,
        "max_output_len": 2048,
        "browse_web": false,
        "backend": "vllm"
    },
    "error": null
}