{
    "metadata": {
        "Name": "AR-EN",
        "Volume": 15898.0,
        "Unit": "sentences",
        "License": "unknown",
        "Link": "",
        "HF_Link": "",
        "Year": 2020,
        "Domain": [
            "wikipedia"
        ],
        "Form": "text",
        "Collection_Style": [
            "crawling"
        ],
        "Description": "A bilingual dataset of full names from titles of Arabic and English articles referring to the same person.",
        "Ethical_Risks": "Low",
        "Provider": [
            "Google"
        ],
        "Derived_From": [],
        "Paper_Title": "Sequence-to-sequence neural network models for transliteration",
        "Paper_Link": "",
        "Tokenized": false,
        "Host": "other",
        "Access": "Free",
        "Cost": "",
        "Test_Split": false,
        "Tasks": [
            "machine translation",
            "language modeling",
            "other"
        ],
        "Venue_Title": "",
        "Venue_Type": "preprint",
        "Venue_Name": "",
        "Authors": [
            "Mihaela Rosca",
            "Thomas Breuel"
        ],
        "Affiliations": [
            "Google Zurich",
            "Google MountainView"
        ],
        "Abstract": "Transliteration is a key component of machine translation systems and software internationalization. This paper demonstrates that neural sequence-to-sequence models obtain state of the art or close to state of the art results on existing datasets. In an effort to make machine transliteration accessible, we open source a new Arabic to English transliteration dataset and our trained models.",
        "Subsets": [],
        "Dialect": "",
        "Language": "ar",
        "Script": ""
    },
    "validation": {
        "precision": 0.5677938578055919,
        "recall": 0.605646781659298,
        "f1": 0.5861097887025465,
        "length": 0.96875
    },
    "cost": {
        "cost": 0,
        "input_tokens": 0,
        "output_tokens": 0
    },
    "config": {
        "model_name": "gemma-3-4b-it-sft-8192v2",
        "few_shot": 0,
        "link": "https://arxiv.org/pdf/1610.09565",
        "schema_name": "ar",
        "context": "all",
        "format": "pdf_plumber",
        "max_model_len": 8192,
        "max_output_len": 2048,
        "browse_web": false,
        "backend": "vllm"
    },
    "error": null
}