{
    "metadata": {
        "Name": "AR-EN",
        "Volume": 15898.0,
        "Unit": "sentences",
        "License": "unknown",
        "Link": "https://github.com/googlei18n/transliteration",
        "HF_Link": "",
        "Year": 2016,
        "Domain": [
            "wikipedia"
        ],
        "Form": "text",
        "Collection_Style": [
            "crawling",
            "manual curation"
        ],
        "Description": "Arabic-English transliteration pairs extracted from Wikipedia titles.",
        "Ethical_Risks": "Low",
        "Provider": [
            "Google"
        ],
        "Derived_From": [],
        "Paper_Title": "Sequence-to-sequence neural network models for transliteration",
        "Paper_Link": "https://arxiv.org/pdf/1610.09565",
        "Tokenized": false,
        "Host": "GitHub",
        "Access": "Free",
        "Cost": "",
        "Test_Split": true,
        "Tasks": [
            "transliteration"
        ],
        "Venue_Title": "arXiv",
        "Venue_Type": "preprint",
        "Venue_Name": "",
        "Authors": [
            "Mihaela Rosca",
            "Thomas Breuel"
        ],
        "Affiliations": [
            "Google"
        ],
        "Abstract": "Transliteration is a key component of machine translation systems and software internationalization. This paper demonstrates that neural sequence-to-sequence models obtain state-of-the-art or close to state-of-the-art results on existing datasets. In an effort to make machine transliteration accessible, we open source a new Arabic to English transliteration dataset and our trained models.",
        "Subsets": [],
        "Dialect": "mixed",
        "Language": "ar",
        "Script": "Arab"
    },
    "validation": {
        "precision": 0.7678580481929267,
        "recall": 0.8190485847391218,
        "f1": 0.792627662650763,
        "length": 0.96875
    },
    "cost": {
        "cost": 0.00154896068,
        "input_tokens": 8852,
        "output_tokens": 370
    },
    "config": {
        "model_name": "moonshotai/kimi-k2",
        "few_shot": 0,
        "link": "https://arxiv.org/pdf/1610.09565",
        "schema_name": "ar",
        "context": "all",
        "format": "pdf_plumber",
        "max_model_len": null,
        "max_output_len": null,
        "browse_web": false,
        "backend": "openrouter"
    },
    "error": null
}