{
    "metadata": {
        "Name": "o g V",
        "Volume": -0.16,
        "Unit": "documents",
        "License": "CDLA-SHARING-1.0",
        "Link": "https://www.G.com",
        "HF_Link": "https://www.o.com",
        "Year": 2010,
        "Domain": [
            "captions",
            "social media",
            "TV Channels",
            "commentary"
        ],
        "Form": "videos",
        "Collection_Style": [
            "human annotation",
            "manual curation",
            "LLM generated"
        ],
        "Description": "k x t p l A y v S o e N H l B d j M g m k b s z X r r e H U J",
        "Ethical_Risks": "Medium",
        "Provider": [],
        "Derived_From": [],
        "Paper_Title": "H E O e M J h D P m e f p t R y N m K Y v S c e c S R M T p O T F P R I P U l k G T Q Q i n W L L R J p T r X H k S P T H h d g B z E x L C H S e S m Y x v Y C",
        "Paper_Link": "https://www.c.com",
        "Tokenized": true,
        "Host": "Mozilla",
        "Access": "With-Fee",
        "Cost": "J",
        "Test_Split": true,
        "Tasks": [
            "text to SQL",
            "emotion classification"
        ],
        "Venue_Title": "S",
        "Venue_Type": "workshop",
        "Venue_Name": "I M",
        "Authors": [],
        "Affiliations": [],
        "Abstract": "Y f E m f d c m l v V e E q P g q d c p b T f X o x w j Z m g i E A T K V N L X e z k r c A n g r g T K M Z W p F z p c a L g b n g A W j p p R U y Y D v k R K t i O b w v r g e d W g d f L g t X F b f F F D P i D n p E R j R F U f g h i F p g n z P l T F w x Y l C f u g s G H m I M A d L s L r f T U w p u F o E G a i q F B R Y k d N A Y I Z F D R F f j i I N M v h D U w N G z B o k N J p v N M W L L t k W a f A H H f r l r K t q e r P R H H T v u F l X x U P W X c m r I g K H o W l r f z p P s E j O g o R E S S Z Z K y Z m o o R N j l p u r L I W S m x E N b P K t o N q G Q j X E i w U g w K H N b I w o E y e T s X Q q y q W e f d m w d E R b C h P I R J i J i z i t x X h O T f q o j I V k y C o O u f t C p e K p b P f r h Z f P S y p h n s v E A E z m G I o f j n O o f f k d J B c F z U i J k F X R V a T L c W e k s U w S m K W C V x k R B G w L X v R A X U d D R q G F U Q H v v k v v K l x a J y b r O Z Z G D U N T B d d p j o m e W j p n A X a g m w K E F S d O l O W T B S A T x t h p U I d u w V E O Q c O A B t O e f K Y Y u k v k N L y v s M L p T t W m k I V v o V U i c I U F W b j z H c i R t W l g j J B Z h b c g R S J t y O B g y R q S z T h K G s r d k I M a X O k r r y u j u d z a k k q A e N u j V e f F d u o N G E J B M Q J H I r n o I b s y s V j N V A E i o w x l Q K I h o y H h s m V n j D w Y U f H t q r s q B p K S T c o U Y i M y X V m W b h N o V v Y F n L X f t r A R K F L T m a i K M G r Y Q r C T r w p m B f o e R V h W z R n i n C r W h z F u m c F r D J T V W O F X u x I R p g b l N d e q r K w f f O X X t e m W V J O L A o R k Q G P S m E Q a R I U a H O y M G B r Q l M E N A i d z y E n M a S H n c F L P Q V S Q D H z g T c u n B r h h L e V u f q h u o X s i c k e S n x w k B x z g z M s J J N K k d R t u B b W h n K E Y y Q E s F U l H v h B F B u t r D S Y q x S g z j l i f G K s O D j H x l v G j c G n A P z w U n c C X N E r J w C",
        "Subsets": [],
        "Dialect": "Sudan",
        "Language": "ar",
        "Script": "Arab"
    },
    "validation": {
        "precision": 0.21303921340554693,
        "recall": 0.21237254658683177,
        "f1": 0.21270535762623044,
        "length": 0.96875
    },
    "cost": {
        "cost": 0,
        "input_tokens": 0,
        "output_tokens": 0
    },
    "config": {
        "model_name": "baseline-random",
        "few_shot": 0,
        "link": "https://arxiv.org/pdf/1610.09565",
        "schema_name": "ar",
        "context": "all",
        "format": "pdf_plumber",
        "max_model_len": null,
        "max_output_len": null,
        "browse_web": false,
        "backend": "openrouter"
    },
    "error": null
}