{
    "metadata": {
        "Name": "Sequence-to-sequence neural network models for transliteration",
        "Volume": 15898.0,
        "Unit": "sentences",
        "License": "unknown",
        "Link": "https://arxiv.org/pdf/2504.21677",
        "HF_Link": "0",
        "Year": 2024,
        "Domain": [
            "news articles",
            "web pages"
        ],
        "Form": "text",
        "Collection_Style": [
            "machine annotation"
        ],
        "Description": "This paper demonstrates that neural sequence-to-sequence models obtain state of the art or close to state of the art results on existing datasets. In an effort to make machine transliteration accessible, we open source a new Arabic to English transliteration dataset and our trained models.",
        "Ethical_Risks": "Low",
        "Provider": [
            "Google"
        ],
        "Derived_From": [],
        "Paper_Title": "Sequence-to-sequence neural network models for transliteration",
        "Paper_Link": "https://arxiv.org/pdf/2504.21677",
        "Tokenized": false,
        "Host": "HuggingFace",
        "Access": "Free",
        "Cost": "",
        "Test_Split": false,
        "Tasks": [
            "machine translation",
            "transliteration",
            "grapheme to phoneme conversion"
        ],
        "Venue_Title": "",
        "Venue_Type": "",
        "Venue_Name": "",
        "Authors": [
            "Mihaela Rosca",
            "Thomas Breuel"
        ],
        "Affiliations": [
            "Google Zurich",
            "Google MountainView,CA"
        ],
        "Abstract": "such as hidden Markov models, logistic regression, finite state transducers, and/or conditional random fields (CRFs). Typical examples of such models are (Ammaretal.,2012;Ganeshetal.,2008);transliterationinsuchasystemisbasedonanalignmentstep, followedbyaCRFmodelthatperformslocalstring beddinglayerprovidedbyTensorFlow(Abadietal., 2016). Transliteration\u2013theconversionofpropernounsfrom one orthographic system to another\u2013is an important task in multilingual text processing, useful in applications like online mapping and as a component of machine translation systems. Transliteration is determined by collection of historical accidents, conventions, and statistical regularities: many language pairs have adopted different rules for transliteration over time and many transliterations depends on the originofaword. Thesepropertiesmakeitdesirable to look for high-quality, automated machine learning solutions to the problem. This paper describes the application of two neural-networkbasedsequence-to-sequencemodels to transliteration that take principled and general-purpose approaches to alignment and one-to-many or many-to-one correspondences. The first model is based on epsilon insertions and CTC (Graves et al., 2006) alignment, the second model is an attentional sequence-to-sequence model commonly used in end-to-end machine translation (Bahdanau et al., 2014). We report and compare both character (CER) and word error rates (WER) on all problems. A number of model-based methods for machine transliteration have been developed in the past. Suchmodelsassumethatcharactersequencesinthe source orthography correspond to predictable character sequences in the target orthography, possibly dependingoncontext. Somemodelsadditionallyassumethat such correspondences are influenced by phonetic information. Due to the statistical nature of the problem, components of such models frequently involve parameters and statistical modeling. In particular, transliteration datasets used for training contain a large number of exceptional words, whose transliteration probably cannot be learned at all. Finally, there are frequently multiple acceptable transliterations for a source word, but these are not usually represented in the training data; that is, many transliterations countedaserrorsduringtrainingandevaluationmay be acceptable. In order to remain comparable to priorworkinthearea,wedidnotattempttoaddress these issues in the existing datasets or the datasets wecreatedforthispaper;wewillreturntothequestion of how this influences performance in the Discussion. Avg. Avg. Source Target selaers et al., 2009) use deep neural networks for transliteration and report a 22.7% CER, while traditional approaches combined with a singlelayerperceptronachieved11.1%onthesame task(Freitagetal.,2007).",
        "Subsets": [],
        "Dialect": "",
        "Language": "ar",
        "Script": "Arab"
    },
    "validation": {
        "precision": 0.5026201610252565,
        "recall": 0.5361281717602736,
        "f1": 0.5188337146067163,
        "length": 0.9375
    },
    "cost": {
        "cost": 0,
        "input_tokens": 0,
        "output_tokens": 0
    },
    "config": {
        "model_name": "gemma-3-4b-it",
        "few_shot": 0,
        "link": "https://arxiv.org/pdf/1610.09565",
        "schema_name": "ar",
        "context": "all",
        "format": "pdf_plumber",
        "max_model_len": 8192,
        "max_output_len": 2048,
        "browse_web": false,
        "backend": "vllm"
    },
    "error": null
}