{
    "metadata": {
        "Name": "Arabic-English",
        "Volume": 1999.9,
        "Unit": "sentences",
        "License": "unknown",
        "Link": "",
        "HF_Link": "",
        "Year": 2025,
        "Domain": [
            "wikipedia"
        ],
        "Form": "text",
        "Collection_Style": [
            "manual curation"
        ],
        "Description": "Arabic to English transliteration dataset created from Wikipedia.",
        "Ethical_Risks": "Low",
        "Provider": [
            "Google"
        ],
        "Derived_From": [],
        "Paper_Title": "Sequence-to-sequence neural network models for transliteration",
        "Paper_Link": "",
        "Tokenized": false,
        "Host": "other",
        "Access": "Free",
        "Cost": "",
        "Test_Split": true,
        "Tasks": [
            "machine translation"
        ],
        "Venue_Title": "",
        "Venue_Type": "preprint",
        "Venue_Name": "",
        "Authors": [
            "Mihaela Rosca",
            "Thomas Breuel"
        ],
        "Affiliations": [
            "Google Zurich",
            "Google MountainView"
        ],
        "Abstract": "Transliteration is a key component of machine translation systems and software internationalization. This paper demonstrates that neural sequence-to-sequence models obtain state of the art or close to state of the art results on existing datasets. In an effort to make machine transliteration accessible, we open source a new Arabic to English transliteration dataset and our trained models.",
        "Subsets": [],
        "Dialect": "Modern Standard Arabic",
        "Language": "ar",
        "Script": "Arab"
    },
    "validation": {
        "precision": 0.6145694702499804,
        "recall": 0.6555407682666458,
        "f1": 0.6343942918709474,
        "length": 0.96875
    },
    "cost": {
        "cost": 0,
        "input_tokens": 0,
        "output_tokens": 0
    },
    "config": {
        "model_name": "gemma-3-4b-it-sft-16384v2",
        "few_shot": 0,
        "link": "https://arxiv.org/pdf/1610.09565",
        "schema_name": "ar",
        "context": "all",
        "format": "pdf_plumber",
        "max_model_len": 16384,
        "max_output_len": 2048,
        "browse_web": false,
        "backend": "vllm"
    },
    "error": null
}