{
    "metadata": {
        "Name": "GoEmotions",
        "Volume": 10000.0,
        "Unit": "sentences",
        "License": "unknown",
        "Link": "https://github.com/google-research/google-research/tree/master/goemotions",
        "HF_Link": "",
        "Year": 2025,
        "Domain": [
            "social media"
        ],
        "Form": "text",
        "Collection_Style": [
            "manual curation"
        ],
        "Description": "A dataset of fine-grained emotions.",
        "Ethical_Risks": "Medium",
        "Provider": [
            "Stanford Linguistics",
            "Google Research",
            "Amazon Alexa"
        ],
        "Derived_From": [],
        "Paper_Title": "GoEmotions: A Dataset of Fine-Grained Emotions",
        "Paper_Link": "https://arxiv.org/pdf/2504.21677",
        "Tokenized": false,
        "Host": "GitHub",
        "Access": "Free",
        "Cost": "",
        "Test_Split": true,
        "Tasks": [
            " emotion classification"
        ],
        "Venue_Title": "",
        "Venue_Type": "preprint",
        "Venue_Name": "",
        "Authors": [
            "DorottyaDemszky",
            "DanaMovshovitz-Attias",
            "JeongwooKo",
            "AlanCowen",
            "GauravNemade",
            "SujithRavi"
        ],
        "Affiliations": [
            "Stanford Linguistics",
            "Google Research",
            "Amazon Alexa"
        ],
        "Abstract": "Understanding emotion expressed in language has a wide range of applications, from building empathetic chatbots to detecting harmful online behavior. Advancement in this area can be improved using large-scale datasets with a fine-grained taxonomy, adaptable to multiple downstream tasks. We introduce GoEmotions, the largest manually annotated dataset of 58k English Reddit comments, labeled for 27 emotion categories or Neutral. We demonstrate the high quality of the annotations via Principal Preserved Component Analysis. We conduct transfer learning experiments with existing emotion benchmarks to show that our dataset generalizes well to other domains and different emotion taxonomies. Our BERT-based model achieves an average F1-score of .46 across our proposed taxonomy, leaving much room for improvement.",
        "Language": "en"
    },
    "validation": {
        "precision": 0.7043964778754088,
        "recall": 0.7565739947550688,
        "f1": 0.7295534949423877,
        "length": 0.9655172413793104
    },
    "cost": {
        "cost": 0,
        "input_tokens": 0,
        "output_tokens": 0
    },
    "config": {
        "model_name": "gemma-3-4b-it-sft-8192v2",
        "few_shot": 0,
        "link": "https://arxiv.org/pdf/2005.00547",
        "schema_name": "en",
        "context": "all",
        "format": "pdf_plumber",
        "max_model_len": 8192,
        "max_output_len": 2048,
        "browse_web": false,
        "backend": "vllm"
    },
    "error": null
}