{
    "metadata": {
        "Name": "GoEmotions",
        "Volume": 58009.0,
        "Unit": "sentences",
        "License": "",
        "Link": "https://github.com/dewarim/reddit-data-tools",
        "HF_Link": "",
        "Year": 2019,
        "Domain": [
            "social media"
        ],
        "Form": "text",
        "Collection_Style": [
            "manual curation"
        ],
        "Description": "GoEmotions is the largest manually annotated dataset of 58k English Reddit comments, labeled for 27 emotion categories or Neutral.",
        "Ethical_Risks": "Low",
        "Provider": [
            "Google Research"
        ],
        "Derived_From": [],
        "Paper_Title": "GoEmotions: A Dataset of Fine-Grained Emotions",
        "Paper_Link": "",
        "Tokenized": false,
        "Host": "GitHub",
        "Access": "Free",
        "Cost": "",
        "Test_Split": false,
        "Tasks": [
            "emotion classification"
        ],
        "Venue_Title": "ACL",
        "Venue_Type": "conference",
        "Venue_Name": "Association of Computational Linguistics",
        "Authors": [
            "Dorottya Demszky",
            "Dana Movshovitz-Attias",
            "Jeongwoo Ko",
            "Alan Cowen",
            "Gaurav Nemade",
            "Sujith Ravi"
        ],
        "Affiliations": [
            "Stanford Linguistics",
            "Google Research",
            "Amazon Alexa"
        ],
        "Abstract": "Emotion expression and detection are central to the human experience and social interaction. With many words available, subtle and complex emotions can be expressed. Large-scale, consistently labeled emotion datasets are needed for machine understanding of affect and emotion. We introduce GoEmotions, the largest manually annotated dataset of 58k carefully selected Reddit comments, labeled for 27 emotion categories or Neutral, with comments extracted from popular English subreddits. We design our emotion taxonomy considering related work in psychology and coverage in our data. In contrast to Ekman's taxonomy, which includes only one positive emotion (joy), our taxonomy includes a large number of positive, negative, and ambiguous emotions, making it suitable for downstream tasks requiring a subtle understanding of emotion expression.",
        "Language": "en"
    },
    "validation": {
        "precision": 0.6302253435856011,
        "recall": 0.6769087023697197,
        "f1": 0.6527333915708011,
        "length": 0.9655172413793104
    },
    "cost": {
        "cost": 0,
        "input_tokens": 0,
        "output_tokens": 0
    },
    "config": {
        "model_name": "NuExtract-2.0-8B",
        "few_shot": 0,
        "link": "https://arxiv.org/pdf/2005.00547",
        "schema_name": "en",
        "context": "all",
        "format": "pdf_plumber",
        "max_model_len": 8912,
        "max_output_len": 2048,
        "browse_web": false,
        "backend": "vllm"
    },
    "error": null
}