{
    "metadata": {
        "Name": "i e W F G",
        "Volume": -0.46,
        "Unit": "sentences",
        "License": "MPL-1.0",
        "Link": "https://www.M.com",
        "HF_Link": "https://www.c.com",
        "Year": 1932,
        "Domain": [
            "other",
            "web pages",
            "social media",
            "captions",
            "public datasets",
            "TV Channels"
        ],
        "Form": "images",
        "Collection_Style": [
            "other",
            "human annotation",
            "manual curation"
        ],
        "Description": "A i N r P X a B o y b B C W b",
        "Ethical_Risks": "Medium",
        "Provider": [],
        "Derived_From": [],
        "Paper_Title": "g s c o Z n J K W Z N N A u R n g Z P X m J B T i T h S Q E c i r p p z u w i O D w r a L V I I n F d W o R B d H E W G C u w q a O Q o n B q r K w h a A O K O t y b V H P N U s Z i k s",
        "Paper_Link": "https://www.S.com",
        "Tokenized": false,
        "Host": "GitHub",
        "Access": "With-Fee",
        "Cost": "",
        "Test_Split": true,
        "Tasks": [
            "information retrieval",
            "instruction tuning",
            "topic classification"
        ],
        "Venue_Title": "m",
        "Venue_Type": "journal",
        "Venue_Name": "U Q f j w d w u",
        "Authors": [],
        "Affiliations": [],
        "Abstract": "n T O F e b a n N u O G u T b y R g K r b y B c D s a j f C c W R X q V Z N o I E v p d g g z H N c Q c C M G X r E e D Q k n K n n W Z i U C c E H b N Q d H x m x i r I y C C Q r Q e w s x R A Z S g q b M a U k v d q u c N K s R e c s U N I D P v b P j u s g s j G H a x C T z e c S P S n H e Q r X y b V G o b t i C h j V H m T G X z U J c m o i m l T y T h D a W a u P Z b Q A b O f F O J t b w V r m h A B d v I Y w w y l u H u E R Z U t b F y m c q P Y f T c L b v T u W L F i r v E Z o A W r G N G N k X j E p G p w J n L s g F i w u d K J O C C i k l",
        "Language": "en"
    },
    "validation": {
        "precision": 0.38509081902678666,
        "recall": 0.3954243437477251,
        "f1": 0.3901891767371921,
        "length": 0.9655172413793104
    },
    "cost": {
        "cost": 0,
        "input_tokens": 0,
        "output_tokens": 0
    },
    "config": {
        "model_name": "baseline-random",
        "few_shot": 0,
        "link": "https://arxiv.org/pdf/2005.00547",
        "schema_name": "en",
        "context": "all",
        "format": "pdf_plumber",
        "max_model_len": null,
        "max_output_len": null,
        "browse_web": false,
        "backend": "openrouter"
    },
    "error": null
}