{
    "metadata": {
        "Name": "GoEmotions",
        "Volume": 58009.0,
        "Unit": "sentences",
        "License": "unknown",
        "Link": "https://github.com/google-research/google-research/tree/master/goemotions",
        "HF_Link": "",
        "Year": 2020,
        "Domain": [
            "social media"
        ],
        "Form": "text",
        "Collection_Style": [
            "manual curation",
            "crawling"
        ],
        "Description": "the largest manually annotated dataset of 58k English Reddit comments, labeled for 27 emotion categories or Neutral",
        "Ethical_Risks": "Medium",
        "Provider": [
            "Google"
        ],
        "Derived_From": [],
        "Paper_Title": "GoEmotions: A Dataset of Fine-Grained Emotions",
        "Paper_Link": "",
        "Tokenized": false,
        "Host": "GitHub",
        "Access": "Free",
        "Cost": "",
        "Test_Split": true,
        "Tasks": [
            "sentiment analysis",
            "emotion classification"
        ],
        "Venue_Title": "",
        "Venue_Type": "preprint",
        "Venue_Name": "",
        "Authors": [
            "Dorottya Demszky",
            "Dana Movshovitz-Attias",
            "Jeongwoo Ko",
            "Alan Cowen",
            "Gaurav Nemade",
            "Sujith Ravi"
        ],
        "Affiliations": [
            "Stanford Linguistics",
            "Google Research",
            "Amazon Alexa"
        ],
        "Abstract": "Understanding emotion expressed in language has a wide range of applications, from building empathetic chatbots to detecting harmful online behavior. Advancement in this area can be improved using large-scale datasets with a fine-grained typology, adaptable to multiple downstream tasks. We introduce GoEmotions, the largest manually annotated dataset of 58k English Reddit comments, labeled for 27 emotion categories or Neutral. We demonstrate the high quality of the annotations via Principal Preserved Component Analysis. We conduct transfer learning experiments with existing emotion benchmarks to show that our dataset generalizes well to other domains and different emotion taxonomies. Our BERT-based model achieves an average F1-score of .46 across our proposed taxonomy, leaving much room for improvement.",
        "Language": "en"
    },
    "validation": {
        "precision": 0.7536781609195402,
        "recall": 0.8095061728395061,
        "f1": 0.7805952380952381,
        "length": 0.9655172413793104
    },
    "cost": {
        "cost": 0.00189342,
        "input_tokens": 18520,
        "output_tokens": 511
    },
    "config": {
        "model_name": "google_gemma-3-27b-it",
        "few_shot": 0,
        "link": "https://arxiv.org/pdf/2005.00547",
        "schema_name": "en",
        "context": "all",
        "format": "pdf_plumber",
        "max_model_len": null,
        "max_output_len": null,
        "browse_web": false,
        "backend": "openrouter"
    },
    "error": null
}