{
    "metadata": {
        "Name": "GoEmotions",
        "Volume": 0.0,
        "Unit": "sentences",
        "License": "",
        "Link": "",
        "HF_Link": "",
        "Year": 2025,
        "Domain": [
            "social media"
        ],
        "Form": "text",
        "Collection_Style": [
            "human annotation"
        ],
        "Description": "The largest manually annotated dataset of 58k English Reddit comments, labeled for 27 emotion categories or Neutral.",
        "Ethical_Risks": "Low",
        "Provider": [],
        "Derived_From": [],
        "Paper_Title": "GoEmotions: A Dataset of Fine-Grained Emotions",
        "Paper_Link": "",
        "Tokenized": true,
        "Host": "",
        "Access": "",
        "Cost": "",
        "Test_Split": false,
        "Tasks": [
            "emotion classification"
        ],
        "Venue_Title": "",
        "Venue_Type": "",
        "Venue_Name": "",
        "Authors": [
            "Dorottya Demszky",
            "Dana Movshovitz-Attias",
            "Jeongwoo Ko",
            "Alan Cowen",
            "Gaurav Nemade",
            "Sujith Ravi"
        ],
        "Affiliations": [
            "Stanford Linguistics",
            "Google Research",
            "Amazon Alexa"
        ],
        "Abstract": "GoEmotions is the largest manually annotated dataset of 58k English Reddit comments, labeled for 27 emotion categories or Neutral. The dataset includes a thorough analysis of the annotated data and the quality of the annotations, demonstrating the high quality of the annotations via Principal Preserved Component Analysis. The dataset generalizes well to other domains and different emotion taxonomies, achieving an average F1-score of 0.46 across the proposed taxonomy.",
        "Language": "en"
    },
    "validation": {
        "precision": 0.5095505192599818,
        "recall": 0.5472950021681287,
        "f1": 0.5277487520906955,
        "length": 0.9655172413793104
    },
    "cost": {
        "cost": 0,
        "input_tokens": 0,
        "output_tokens": 0
    },
    "config": {
        "model_name": "NuExtract-2.0-4B",
        "few_shot": 0,
        "link": "https://arxiv.org/pdf/2005.00547",
        "schema_name": "en",
        "context": "all",
        "format": "pdf_plumber",
        "max_model_len": 8912,
        "max_output_len": 2048,
        "browse_web": false,
        "backend": "vllm"
    },
    "error": null
}