{
    "metadata": {
        "Name": "GoEmotions",
        "Volume": 58000.0,
        "Unit": "sentences",
        "License": "unknown",
        "Link": "https://github.com/google-research/google-research/tree/master/goemotions",
        "HF_Link": "",
        "Year": 2020,
        "Domain": [
            "social media"
        ],
        "Form": "text",
        "Collection_Style": [
            "crawling"
        ],
        "Description": "The largest manually annotated dataset of 58k English Reddit comments, labeled for 27 emotion categories or Neutral.",
        "Ethical_Risks": "Medium",
        "Provider": [
            "Google"
        ],
        "Derived_From": [],
        "Paper_Title": "GoEmotions: A Dataset of Fine-Grained Emotions",
        "Paper_Link": "",
        "Tokenized": false,
        "Host": "GitHub",
        "Access": "Free",
        "Cost": "",
        "Test_Split": true,
        "Tasks": [
            "emotion classification"
        ],
        "Venue_Title": "",
        "Venue_Type": "preprint",
        "Venue_Name": "",
        "Authors": [
            "Dorottya Demszky",
            "Dana Movshovitz-Attias",
            "Jeongwoo Ko",
            "Alan Cowen",
            "Gaurav Nemade",
            "Sujith Ravi"
        ],
        "Affiliations": [
            "Stanford Linguistics",
            "Google Research",
            "Amazon Alexa"
        ],
        "Abstract": "We introduce GoEmo-tions, the largest manually annotated dataset of 58k English Reddit comments, labeled for 27 emotion categories or Neutral. We demonstrate the high quality of the annotations via Principal Preserved Component Analysis. We conduct transfer learning experiments with existing emotion benchmarks to show that our dataset generalizes well to other domains and different emotion taxonomies. Our BERT-based model achieves an average F1-score of .46 across our proposed taxonomy, leaving much room for improvement.",
        "Language": "en"
    },
    "validation": {
        "precision": 0.7587714240319104,
        "recall": 0.8149767147009408,
        "f1": 0.7858704034616215,
        "length": 0.9655172413793104
    },
    "cost": {
        "cost": 0,
        "input_tokens": 0,
        "output_tokens": 0
    },
    "config": {
        "model_name": "gemma-3-4b-it-sft-16384",
        "few_shot": 0,
        "link": "https://arxiv.org/pdf/2005.00547",
        "schema_name": "en",
        "context": "all",
        "format": "pdf_plumber",
        "max_model_len": 16384,
        "max_output_len": 2048,
        "browse_web": false,
        "backend": "vllm"
    },
    "error": null
}