{
    "metadata": {
        "Name": "GoEmotions: A Dataset of Fine-Grained Emotions",
        "Volume": 58009.0,
        "Unit": "tokens",
        "License": "CC BY 4.0",
        "Link": "https://github.com/dewarim/rapitaskwhereraterscansuggestemotionreddit-data-tools",
        "HF_Link": "https://github.com/dewarim/rapitaskwhereraterscansuggestemotionreddit-data-tools",
        "Year": 2020,
        "Domain": [
            "social media"
        ],
        "Form": "text",
        "Collection_Style": [
            "crawling"
        ],
        "Description": "Sample text label(s)",
        "Ethical_Risks": "Low",
        "Provider": [
            "GoogleResearch"
        ],
        "Derived_From": [
            "CrowdFlower"
        ],
        "Paper_Title": "GoEmotions: A Dataset of Fine-Grained Emotions",
        "Paper_Link": "https://arxiv.org/pdf/2504.21677",
        "Tokenized": true,
        "Host": "['GitHub']",
        "Access": "Free",
        "Cost": "Free",
        "Test_Split": false,
        "Tasks": [
            "emotion prediction"
        ],
        "Venue_Title": "",
        "Venue_Type": "conference",
        "Venue_Name": "",
        "Authors": [
            "DorottyaDemszky",
            "DanaMovshovitz-Attias",
            "JeongwooKo",
            "AlanCowen",
            "GauravNemade",
            "SujithRavi"
        ],
        "Affiliations": [
            "StanfordLinguistics",
            "GoogleResearch",
            "AmazonAlexa"
        ],
        "Abstract": "Sample text label(s)",
        "Language": "['en']"
    },
    "validation": {
        "precision": 0.35922304069367533,
        "recall": 0.36777659926357714,
        "f1": 0.3634495012713068,
        "length": 0.9310344827586207
    },
    "cost": {
        "cost": 0,
        "input_tokens": 0,
        "output_tokens": 0
    },
    "config": {
        "model_name": "NuExtract-2.0-2B",
        "few_shot": 0,
        "link": "https://arxiv.org/pdf/2005.00547",
        "schema_name": "en",
        "context": "all",
        "format": "pdf_plumber",
        "max_model_len": 8912,
        "max_output_len": 2048,
        "browse_web": false,
        "backend": "vllm"
    },
    "error": null
}