{
    "metadata": {
        "Name": "GoEmotions",
        "Volume": 58000.0,
        "Unit": "sentences",
        "License": "unknown",
        "Link": "https://github.com/google-research/google-research/tree/master/goemotions",
        "HF_Link": "",
        "Year": 2019,
        "Domain": [
            "social media"
        ],
        "Form": "text",
        "Collection_Style": [
            "manual curation"
        ],
        "Description": "The largest manually annotated dataset of 58k English Reddit comments, labeled for 27 emotion categories or Neutral.",
        "Ethical_Risks": "Medium",
        "Provider": [
            "GoogleResearch"
        ],
        "Derived_From": [],
        "Paper_Title": "GoEmo-tions: A Dataset of Fine-Grained Emotions",
        "Paper_Link": "",
        "Tokenized": false,
        "Host": "GitHub",
        "Access": "Free",
        "Cost": "",
        "Test_Split": true,
        "Tasks": [
            "emotion classification"
        ],
        "Venue_Title": "",
        "Venue_Type": "preprint",
        "Venue_Name": "",
        "Authors": [
            "DorottyaDemszky",
            "DanaMovshovitz-Attias",
            "JeongwooKo",
            "AlanCowen",
            "GauravNemade",
            "SujithRavi"
        ],
        "Affiliations": [
            "StanfordLinguistics",
            "GoogleResearch",
            "AmazonAlexa"
        ],
        "Abstract": "Understanding emotion expressed in language has a wide range of applications, from building empathetic chatbots to detecting harmful confusion online behavior. Advancement in this area can be improved using large-scale datasets with a fine-grained typology, adaptable to multiple downstream tasks. We introduce GoEmo-tions, the largest manually annotated dataset of 58k English Reddit comments, labeled for 27 emotion categories or Neutral. We demonstrate the high quality of the annotations via Principal Preserved Component Analysis. We conduct transfer learning experiments with existing emotion benchmarks to show that our dataset generalizes well to other domains and different emotion taxonomies. Our BERT-based model achieves an average F1-score of .46 across our proposed taxonomy, leaving much room for improvement.",
        "Language": "en"
    },
    "validation": {
        "precision": 0.7008525410982142,
        "recall": 0.7527675441425262,
        "f1": 0.7258829889945788,
        "length": 0.9655172413793104
    },
    "cost": {
        "cost": 0,
        "input_tokens": 0,
        "output_tokens": 0
    },
    "config": {
        "model_name": "gemma-3-4b-it-sft-8912",
        "few_shot": 0,
        "link": "https://arxiv.org/pdf/2005.00547",
        "schema_name": "en",
        "context": "all",
        "format": "pdf_plumber",
        "max_model_len": 8192,
        "max_output_len": 2048,
        "browse_web": false,
        "backend": "vllm"
    },
    "error": null
}