{
    "metadata": {
        "Name": "GoEmotions",
        "Volume": 58000.0,
        "Unit": "sentences",
        "License": "unknown",
        "Link": "https://github.com/google-research/google-research/tree/master/goemotions",
        "HF_Link": "0",
        "Year": 2023,
        "Domain": [
            "social media",
            "news articles",
            "reviews",
            "commentary",
            "books",
            "wikipedia",
            "web pages",
            "public datasets"
        ],
        "Form": "text",
        "Collection_Style": [
            "manual annotation"
        ],
        "Description": "The largest human annotated dataset of 58k carefully selected Reddit comments, labeled for 27 emotion categories or Neutral.",
        "Ethical_Risks": "Medium",
        "Provider": [
            "Google"
        ],
        "Derived_From": [],
        "Paper_Title": "GoEmotions: A Dataset of Fine-Grained Emotions",
        "Paper_Link": "https://arxiv.org/pdf/2504.21677",
        "Tokenized": true,
        "Host": "HuggingFace",
        "Access": "Free",
        "Cost": "",
        "Test_Split": false,
        "Tasks": [
            "machine translation",
            "speech recognition",
            "sentiment analysis",
            "language modeling",
            "topic classification",
            "dialect identification",
            "text generation",
            "cross-lingual information retrieval",
            "named entity recognition",
            "question answering",
            "multiple choice question answering",
            "information retrieval",
            "part of speech tagging",
            "language identification",
            "summarization",
            "speaker identification",
            "transliteration",
            "morphological analysis",
            "offensive language detection",
            "review classification",
            "gender identification",
            "fake news detection",
            "dependency parsing",
            "irony detection",
            "meter classification",
            "natural language inference",
            "instruction tuning",
            "linguistic acceptability",
            "commonsense reasoning",
            "word prediction",
            "image captioning",
            "word similarity",
            "grammatical error correction",
            "intent classification",
            "sign language recognition",
            "optical character recognition",
            "fill-in-the blank",
            "relation extraction",
            "stance detection",
            "emotion classification",
            "semantic parsing"
        ],
        "Venue_Title": "",
        "Venue_Type": "",
        "Venue_Name": "",
        "Authors": [
            "Dorottya Demszky",
            "Dana Movshovitz-Attias",
            "Jeongwoo Ko",
            "Alan Cowen",
            "Gaurav Nemade",
            "Sujith Ravi"
        ],
        "Affiliations": [
            "Stanford Linguistics",
            "Google Research",
            "Amazon Alexa"
        ],
        "Abstract": "OMG, yep!!! That is the final ans- gratitude,nUnderstanding emotion expressed in languagenwer. Thank you so much! approvalnhas a wide range of applications, from build-nbuilding empathetic chatbots to detecting harmfulnconfusionnonline behavior. Advancement in this area cannbe improved using large-scale datasets withna fine-grained typology, adaptable to multi-nple downstream tasks. We introduce GoEmo-ntions, the largest manually annotated dataset ofn58k English Reddit comments, labeled for 27nemotion categories or Neutral. We demonstratenthe high quality of the annotations via Prin-ncipal Preserved Component Analysis. Wenconduct transfer learning experiments with ex-nistating emotion benchmarks to show that ourndata can generalize to different taxonomiesnand domains, such as tweets and personal nar-ntatives. Ourexperiments demonstrate that givennlimited resources to label additional emotionnclassification data for specialized domains, ourndata can provide baseline emotion understand-ning and contribute to increasing model ac-ncuracy for the target domain. n2 RelatedWorkn2.1 EmotionDatasetsnEversinceAffectiveText(StrapparavaandMihal-ncea,2007),thefirstbenchmarkforemotionrec-nognition was introduced, the field has seen sev-neral emotion datasets that vary in size, domainnand taxonomy(cf.BostanandKlinger,2018). Thenmajority of emotion datasets are constructed man-nually, but tend to be relatively small, contain-ning up to several thousand instances, and (2) covernalimited emotion taxonomy, with coarse clas-nsification into Ekman(Ekman,1992b)orPlutchikn(Plutchik,1980)emotions. Recently, Bostan andnKlinger (2018) have aggregated 14 popula- nreemotionclassificationcorpora under a unifiednframework that allow direct comparison of the ex-nisting resources. Importantly, their analysisnsuggests annotation quality gaps in the largestnmanually annotated emotion classification data-nset, CrowdFlower (2016), containing 40K tweetsnlabeled for one of 13 emotions. While their worknenables such comparative evaluations, it high-nlights the need for a large-scale, consistentlynlabeled emotion classification dataset over a fine-ngrained taxonomy, with demonstrated high-qualitynannotations. nTo this end, we compiled GoEmotions, thenlargest human annotated dataset of 58k care-nfuly selected Reddit comments, labeled for 27nemotion categories or Neutral, with comments ex-nracted from popular English subreddits. Table1ns how an illustrative sample of our collected data.nWe design our emotion taxonomy considering re-nlated work in psychology and coverage in ourndata. Several existing datasets come from thendomain of Twitter, given its informal languagenand expressive content, such as emojis and has-ntags. Other datasets annotate news headlinesn(StrapparavaandMihalcea,2007), dialogs (Li etnal., 2017), fairy tales (Alm et al., 2005), moviensubtitles (O\u00a8hman et al., 2018), sentences basednon FrameNet(Ghazi et al., 2015), or self-re- npord experiences(Scherer and Wallbott, 1994)amongnother domains. We are the first to build on Redditncomments for emotion classification. n2.3 EmotionClassificationModelsnBoth feature-based and neural models have beennused to build automatic emotion classificationnmodels. Feature-based models often make use ofnhand-built lexicons, such as the Valence Arou-nsal Dominance Lexicon (Mohammad, 2018). Usingnrepresentations from BERT (Devlin et al., 2019),na transformer-based model with language model pre-ntraining, has recently shown to reach state-of-the-nart performance on several NLP tasks, includingnemotion prediction: the top-performing modelsnin the EmotionXChallenge(HsuandKu,2018)allnemployed a pre-trained BERT model. We also use thenBERT model in our experiments and we find that itnoutperforms our biLSTM model. Length filtering.nWe apply NLTK\u2019s word tokenizer and select com-nments 3-30 tokens long, including punctuation. Toncreate a relatively balanced distribution of nnegative emotions. The dataset includes the list ofnfiltered tokens. nManual review. We manually review identityncomments and remove those offensive towards anparticular ethnicity, gender, sexual orienta-ntion, or disability, to the best of our judgment. n3 GoEmotions",
        "Language": ""
    },
    "validation": {
        "precision": 0.536079040836436,
        "recall": 0.5757885994169127,
        "f1": 0.5552247208663087,
        "length": 0.9310344827586207
    },
    "cost": {
        "cost": 0,
        "input_tokens": 0,
        "output_tokens": 0
    },
    "config": {
        "model_name": "gemma-3-4b-it",
        "few_shot": 0,
        "link": "https://arxiv.org/pdf/2005.00547",
        "schema_name": "en",
        "context": "all",
        "format": "pdf_plumber",
        "max_model_len": 8192,
        "max_output_len": 2048,
        "browse_web": false,
        "backend": "vllm"
    },
    "error": null
}