{
    "metadata": {
        "Name": "BelgianStatutoryArticleRetrievalDataset",
        "Volume": 1100.0,
        "Unit": "sentences",
        "License": "unknown",
        "Link": "https://github.com/maastrichtlawtech/bsard",
        "HF_Link": "0",
        "Year": 2022,
        "Domain": [
            "public datasets",
            "legal"
        ],
        "Form": "text",
        "Collection_Style": [
            "human annotation"
        ],
        "Description": "Dataset consisting of 1,100+ French native legal questions labeled by legal experts with relevant articles from a corpus of 22,600+ Belgian law articles.",
        "Ethical_Risks": "Medium",
        "Provider": [
            "MaastrichtUniversity"
        ],
        "Derived_From": [],
        "Paper_Title": "A Statutory Article Retrieval Dataset in French",
        "Paper_Link": "https://github.com/maastrichtlawtech/bsard",
        "Tokenized": false,
        "Host": "GitHub",
        "Access": "Free",
        "Cost": "0",
        "Test_Split": false,
        "Tasks": [
            "question answering",
            "information retrieval"
        ],
        "Venue_Title": "",
        "Venue_Type": "",
        "Venue_Name": "",
        "Authors": [
            "AntoineLouis",
            "GerasimosSpanakis"
        ],
        "Affiliations": [
            "Law&TechLab,MaastrichtUniversity"
        ],
        "Abstract": "Dataset consisting of 1,100+ French native legal questions labeled by legal experts with relevant articles from a corpus of 22,600+ Belgian law articles. Using BSARD, we benchmark several state-of-the-art retrieval approaches, including lexical and dense architectures, both in zero-shot and supervised setups. We find that fine-tuned dense retrieval models significantly outperform other systems yet suggest ample opportunity for improvement. Wepubliclyreleaseourdatasetandsourcecodeathttps: //github.com/maastrichtlawtech/bsard.",
        "Language": ""
    },
    "validation": {
        "precision": 0.41205942843267823,
        "recall": 0.42677583659098817,
        "f1": 0.41928854121219894,
        "length": 0.9655172413793104
    },
    "cost": {
        "cost": 0,
        "input_tokens": 0,
        "output_tokens": 0
    },
    "config": {
        "model_name": "gemma-3-4b-it",
        "few_shot": 0,
        "link": "https://arxiv.org/pdf/2108.11792",
        "schema_name": "fr",
        "context": "all",
        "format": "pdf_plumber",
        "max_model_len": 8192,
        "max_output_len": 2048,
        "browse_web": false,
        "backend": "vllm"
    },
    "error": null
}