{
    "metadata": {
        "Name": "BSARD",
        "Volume": 1108.0,
        "Unit": "sentences",
        "License": "CC BY-NC-SA 4.0",
        "Link": "",
        "HF_Link": "https://huggingface.co/datasets/antoiloui/bsard",
        "Year": 2021,
        "Domain": [
            "law"
        ],
        "Form": "text",
        "Collection_Style": [
            "manual curation"
        ],
        "Description": "This dataset is a collection of French native legal questions posed by Belgian citizens and law articles from the Belgian legislation. The articles come from 32 publicly available Belgian codes. Each question is labeled by one or several relevant articles from the corpus. The annotations were done by a team of experienced Belgian jurists.",
        "Ethical_Risks": "Low",
        "Provider": [
            "DroitsQuotidiens",
            "MaastrichtUniversity"
        ],
        "Derived_From": [],
        "Paper_Title": "A Statutory Article Retrieval Dataset in French",
        "Paper_Link": "https://arxiv.org/pdf/2504.21677",
        "Tokenized": false,
        "Host": "HuggingFace",
        "Access": "Free",
        "Cost": "",
        "Test_Split": true,
        "Tasks": [
            "information retrieval"
        ],
        "Venue_Title": "",
        "Venue_Type": "preprint",
        "Venue_Name": "",
        "Authors": [
            "AntoineLouis",
            "GerasimosSpanakis"
        ],
        "Affiliations": [
            "Law&TechLab,MaastrichtUniversity"
        ],
        "Abstract": "Abstract obtain help from the Internet to clarify or solve their legal issue (Ponce et al., 2019). As a result, many vulnerable citizens who cannot afford a legalexpert\u2019scostlyassistanceareleftunprotected or even exploited. This barrier to accessing legal information creates a clear imbalance within the legalsystem,preventingtherighttoequalaccess tojusticeforall.nnPeople do not need legal services in and of themselves;theyneedtheendsthatlegalservices canprovide. Recentadvancesinnaturallanguage processing (NLP), combined with the increasing amountofdigitizedtextualdatainthelegaldomain, offer new possibilities to bridge the gap between peopleandthelaw. Forexample, legaljudgment prediction (Aletras et al., 2016; Luo et al., 2017; Zhong et al., 2018; Hu et al., 2018; Chen et al., 2019)mayassistcitizensinfindinginsightfulpat- ternsbetweentheircaseanditsoutcome. Addition- ally,legaltextsummarization(HacheyandGrover, 2006; Bhattacharya et al., 2019) and automated contractreview(Harkousetal.,2018;Lippietal., 2019)mayhelppeopleclarifylong,complex,and ambiguouslegaldocuments. In this work, we focus on statutory article re- trieval, which, given a legal question such as \u201cIs it legal to contract a lifetime lease?\u201d, aims to re- turn one or several relevant law articles from a body of legal statutes (Kim et al., 2019; Nguyen etal.,2020),asillustratedinFigure1. Aqualified statutory article retrieval system could provide a professionalassistingserviceforunskilledhumans and help empower the weaker parties when used forthepublicinterest.nnFindingrelevantstatutestoalegalquestionisa challengingtask. Unliketraditionalad-hocinfor- mation retrieval (Craswell et al., 2020), statutory articleretrievaldealswithtwotypesoflanguage: common natural language for the questions and complexlegallanguageforthestatutes. Thisdiffer- enceinlanguagedistributiongreatlycomplicates theretrievaltaskasitindirectlyrequiresaninher- entinterpretationsystemthatcantranslateanatural questionfromanon-experttoalegalquestiontobe matchedagainststatutes. Forskilledlegalexperts, theseinterpretationscomefromtheirknowledgeof aquestion\u2019sdomainandtheirunderstandingofthe legalconceptsandprocessesinvolved. Nevertheless, aninterpretationisrarelyunique. Instead,itis theinterpreter\u2019ssubjectivebeliefthatgivesmean- ingtothequestionand,accordingly,anideaofthe domainsinwhichtheanswercanbefound. Asa result,thesamequestioncanyielddifferentpaths to the desired outcome depending on its interpre- tation,makingstatutoryarticleretrievaladifficult andtime-consumingtask.nnBesides,statutorylawisnotastackofindepen- dent articles to be treated as complete sources of informationontheirown\u2013unlikenewsorrecipes. Instead, it is a structured and hierarchical collec- tion of legal provisions that have whole meaning onlywhenconsideredintheiroverallcontext,i.e., togetherwiththesupplementaryinformationfrom theirneighboringarticles,thefieldsandsub-fields theybelongto,andtheirplaceinthehierarchyof the law. For instance, the answer to the question \u201cCan I terminate an employment contract?\u201d will mostoftenbefoundinlaborlaw. However,thisis notnecessarilytrueifanemployeriscontractinga self-employedworkertocarryoutaspecifictask, inwhichcasetheanswerprobablyliesatthehigher levelofcontractlaw. Thisexampleillustratesthe importance of considering the question\u2019s context andunderstandingthehierarchicalstructureofthe lawwhenlookingforrelevantstatutoryarticles. For skilledlegalexperts, theseinterpretationscome fromtheirknowledgeofadomainandtheirunder- standingofthelegalconceptsandprocessesinvolved. Nevertheless,aninterpretationisrarelyunique. Instead,itis theinterpreter\u2019ssubjectivebeliefthatgivesmeaning tothequestionand,accordingly,anideaofthe domainsinwhichtheanswercanbefound. Asa result,thesamequestioncanyielddifferentpaths to the desired outcome depending on its interpre- tation,makingstatutoryarticleretrievaladifficult andtime-consumingtask.",
        "Language": "fr"
    },
    "validation": {
        "precision": 0.6619147841378199,
        "recall": 0.6582818705843005,
        "f1": 0.6600933288402565,
        "length": 0.9310344827586207
    },
    "cost": {
        "cost": 0.00276511,
        "input_tokens": 19306,
        "output_tokens": 1322
    },
    "config": {
        "model_name": "google_gemma-3-27b-it",
        "few_shot": 0,
        "link": "https://arxiv.org/pdf/2108.11792",
        "schema_name": "fr",
        "context": "all",
        "format": "pdf_plumber",
        "max_model_len": null,
        "max_output_len": null,
        "browse_web": false,
        "backend": "openrouter"
    },
    "error": null
}