{
    "metadata": {
        "Name": "M G v C",
        "Volume": -0.03,
        "Unit": "sentences",
        "License": "CC BY-SA 3.0",
        "Link": "https://www.J.com",
        "HF_Link": "https://www.n.com",
        "Year": 1933,
        "Domain": [
            "TV Channels"
        ],
        "Form": "images",
        "Collection_Style": [
            "other",
            "machine annotation",
            "manual curation",
            "crawling",
            "LLM generated",
            "human annotation"
        ],
        "Description": "p k p c w J a i f v T n u s i e l c u N o Z A N D D O O k i j m e m u G b F K",
        "Ethical_Risks": "Medium",
        "Provider": [],
        "Derived_From": [],
        "Paper_Title": "c k z f J J e x l E P s x j p f a S F T z z D L A W i a x S G K X j D Y r G L J v i Y B R w O a Y d p y C W G H k V v s H O z s n D E Z B I j a D L J U X P z j Q U w p",
        "Paper_Link": "https://www.d.com",
        "Tokenized": true,
        "Host": "CodaLab",
        "Access": "Free",
        "Cost": "O",
        "Test_Split": true,
        "Tasks": [
            "meter classification"
        ],
        "Venue_Title": "F",
        "Venue_Type": "preprint",
        "Venue_Name": "W j F d",
        "Authors": [],
        "Affiliations": [],
        "Abstract": "X w Z i Q m l C a P z h d T E U H X u O O z P f h t q B I k B F P O D X B i s f v w n h t u Q V Q v D D W M Y W m a W b P r G Q H K o y Y f m o O F L M U C t V n t d p Z s T a z l d s I i H m C o K N t G l E k y f x X k Y F r Y R G T b U N H f u t g U W X K U K K j k P R j c Q X H V f F G s i y r W p q M Z J I h C G q b U h s I g V s c K T Y T F a y m k V Y V k t p o J r d i e I V U h x Z I q t e z a m d f t v S D V D a S b l i j Z x a N W y z n I V x F C G N D H I x T n l P c M X r z F b G k D r k i p B j T G",
        "Language": "fr"
    },
    "validation": {
        "precision": 0.32311753789241093,
        "recall": 0.3262158915184386,
        "f1": 0.32465932266709974,
        "length": 0.9655172413793104
    },
    "cost": {
        "cost": 0,
        "input_tokens": 0,
        "output_tokens": 0
    },
    "config": {
        "model_name": "baseline-random",
        "few_shot": 0,
        "link": "https://arxiv.org/pdf/2108.11792",
        "schema_name": "fr",
        "context": "all",
        "format": "pdf_plumber",
        "max_model_len": null,
        "max_output_len": null,
        "browse_web": false,
        "backend": "openrouter"
    },
    "error": null
}