{
    "metadata": {
        "Name": "BSARD",
        "Volume": 110000000.0,
        "Unit": "sentences",
        "License": "unknown",
        "Link": "https://github.com/maastrichtlawtech/bsard",
        "HF_Link": "",
        "Year": 2020,
        "Domain": [
            "legal"
        ],
        "Form": "text",
        "Collection_Style": [
            "manual curation"
        ],
        "Description": "A Belgian statutory article retrieval dataset with 1,100+ French native legal questions labeled by experienced jurists.",
        "Ethical_Risks": "Low",
        "Provider": [
            "Maastricht University"
        ],
        "Derived_From": [],
        "Paper_Title": "A Statutory Article Retrieval Dataset in French",
        "Paper_Link": "",
        "Tokenized": false,
        "Host": "GitHub",
        "Access": "Free",
        "Cost": "",
        "Test_Split": true,
        "Tasks": [
            "information retrieval"
        ],
        "Venue_Title": "",
        "Venue_Type": "preprint",
        "Venue_Name": "",
        "Authors": [
            "Antoine Louis",
            "Gerasimos Spanakis"
        ],
        "Affiliations": [
            "Law&TechLab, MaastrichtUniversity"
        ],
        "Abstract": "Statutory article retrieval is the task of automatically retrieving law articles relevant to a legal question. Although statutory provisions are generally publicly accessible, the questions posed by citizens are not. This work presents a novel French native expert-annotated statutory article retrieval dataset as its main contribution. Our Belgian Statutory Article Retrieval Dataset (BSARD) consists of more than 1,100 legal questions posed by Belgian citizens and labeled by legal experts with references to relevant articles from a corpus of around 22,600+ Belgian law articles.",
        "Language": "fr"
    },
    "validation": {
        "precision": 0.6126323969623497,
        "recall": 0.6345121254252908,
        "f1": 0.6233803337511629,
        "length": 0.9655172413793104
    },
    "cost": {
        "cost": 0,
        "input_tokens": 0,
        "output_tokens": 0
    },
    "config": {
        "model_name": "gemma-3-4b-it-sft-16384",
        "few_shot": 0,
        "link": "https://arxiv.org/pdf/2108.11792",
        "schema_name": "fr",
        "context": "all",
        "format": "pdf_plumber",
        "max_model_len": 16384,
        "max_output_len": 2048,
        "browse_web": false,
        "backend": "vllm"
    },
    "error": null
}