{
    "metadata": {
        "Name": "Belgian Statutory Article Retrieval Dataset",
        "Volume": 1100.0,
        "Unit": "sentences",
        "License": "",
        "Link": "",
        "HF_Link": "",
        "Year": 2025,
        "Domain": [
            "public datasets"
        ],
        "Form": "text",
        "Collection_Style": [
            "human annotation"
        ],
        "Description": "The dataset consists of 1,100+ French native legal questions labeled by experienced jurists with relevant articles from a corpus of 22,600+ Belgian law articles.",
        "Ethical_Risks": "",
        "Provider": [],
        "Derived_From": [],
        "Paper_Title": "A Statutory Article Retrieval Dataset in French",
        "Paper_Link": "https://github.com/maastrichtlawtech/bsard",
        "Tokenized": false,
        "Host": "",
        "Access": "",
        "Cost": "",
        "Test_Split": false,
        "Tasks": [
            "text generation",
            "language modeling",
            "information retrieval"
        ],
        "Venue_Title": "",
        "Venue_Type": "",
        "Venue_Name": "",
        "Authors": [
            "Antoine Louis",
            "Gerasimos Spanakis"
        ],
        "Affiliations": [
            "Law&Tech Lab, Maastricht University"
        ],
        "Abstract": "The dataset addresses the challenge of statutory article retrieval, providing a unique problem for future research in legal information retrieval. It offers insights into the complexity of legal language and the importance of contextual understanding in retrieving relevant statutes.",
        "Language": "fr"
    },
    "validation": {
        "precision": 0.44365751036725654,
        "recall": 0.4595024214518014,
        "f1": 0.451440975461419,
        "length": 0.9655172413793104
    },
    "cost": {
        "cost": 0,
        "input_tokens": 0,
        "output_tokens": 0
    },
    "config": {
        "model_name": "NuExtract-2.0-4B",
        "few_shot": 0,
        "link": "https://arxiv.org/pdf/2108.11792",
        "schema_name": "fr",
        "context": "all",
        "format": "pdf_plumber",
        "max_model_len": 8912,
        "max_output_len": 2048,
        "browse_web": false,
        "backend": "vllm"
    },
    "error": null
}