{
    "metadata": {
        "Name": "Belgian Statutory Article Retrieval Dataset (BSARD)",
        "Volume": 1100.0,
        "Unit": "sentences",
        "License": "",
        "Link": "https://github.com/maastrichtlawtech/bsard",
        "HF_Link": "",
        "Year": 2025,
        "Domain": [
            "legal"
        ],
        "Form": "text",
        "Collection_Style": [
            "human annotation"
        ],
        "Description": "The Belgian Statutory Article Retrieval Dataset (BSARD) consists of 1,100+ French native legal questions labeled by experienced jurists with relevant articles from a corpus of 22,600+ Belgian law articles.",
        "Ethical_Risks": "Low",
        "Provider": [
            "Law&TechLab, Maastricht University"
        ],
        "Derived_From": [],
        "Paper_Title": "A Statutory Article Retrieval Dataset in French",
        "Paper_Link": "",
        "Tokenized": false,
        "Host": "GitHub",
        "Access": "Free",
        "Cost": "",
        "Test_Split": false,
        "Tasks": [
            "information retrieval"
        ],
        "Venue_Title": "arXiv",
        "Venue_Type": "preprint",
        "Venue_Name": "",
        "Authors": [
            "AntoineLouis",
            "GerasimosSpanakis"
        ],
        "Affiliations": [
            "Law&TechLab, Maastricht University"
        ],
        "Abstract": "Legal issues are an integral part of many people's lives, but the majority of citizens have little knowledge about their rights and fundamental legal processes. The Internet has become the primary source of information in response to life problems, leading people to search engines when faced with a legal issue. However, the quality of search engine's legal help results is currently unsatisfactory, as top results mainly refer people to commercial websites that provide basic information as a way to advertise for-profit services. This barrier to accessing legal information creates a clear imbalance within the legal system, preventing the right to equal access to justice for all.",
        "Language": "fr"
    },
    "validation": {
        "precision": 0.5509861121483071,
        "recall": 0.5706641875821752,
        "f1": 0.5606525351684528,
        "length": 0.9310344827586207
    },
    "cost": {
        "cost": 0,
        "input_tokens": 0,
        "output_tokens": 0
    },
    "config": {
        "model_name": "NuExtract-2.0-8B",
        "few_shot": 0,
        "link": "https://arxiv.org/pdf/2108.11792",
        "schema_name": "fr",
        "context": "all",
        "format": "pdf_plumber",
        "max_model_len": 8912,
        "max_output_len": 2048,
        "browse_web": false,
        "backend": "vllm"
    },
    "error": null
}