{
    "metadata": {
        "Name": "BSARD",
        "Volume": 1100.0,
        "Unit": "sentences",
        "License": "unknown",
        "Link": "https://github.com/maastrichtlawtech/bsard",
        "HF_Link": "",
        "Year": 2020,
        "Domain": [
            "legal"
        ],
        "Form": "text",
        "Collection_Style": [
            "human annotation"
        ],
        "Description": "A statutory article retrieval dataset in French.",
        "Ethical_Risks": "Low",
        "Provider": [
            "Maastricht University"
        ],
        "Derived_From": [],
        "Paper_Title": "A Statutory Article Retrieval Dataset in French",
        "Paper_Link": "",
        "Tokenized": false,
        "Host": "GitHub",
        "Access": "Free",
        "Cost": "",
        "Test_Split": true,
        "Tasks": [
            "information retrieval"
        ],
        "Venue_Title": "",
        "Venue_Type": "preprint",
        "Venue_Name": "",
        "Authors": [
            "Antoine Louis",
            "Gerasimos Spanakis"
        ],
        "Affiliations": [
            "Law&TechLab, MaastrichtUniversity"
        ],
        "Abstract": "Abstract obtain help from the Internet to clarify or solve their legal issue (Ponce et al., 2019). As a result, many vulnerable citizens who cannot afford a legal expertu2019scostlyassistanceareleftunprotected or even exploited. This barrier to accessing legal information creates a clear imbalance within the legal system, preventing the right to equal access to justice for all. People do not need legal services in and of themselves; they need the endsthat legal services can provide. Recent advances in natural language processing have sparked considerable interest in many legal tasks, statutory article retrieval remains primarily untouched due to the scarcity of large-scale and high-quality annotated datasets. To address this bottleneck, we introduce the Belgian Statutory Article Retrieval Dataset (BSARD), which consists of 1,100+ French native legal questions labeled by experienced jurists with relevant articles from a corpus of 22,600+ Belgian law articles. Using BSARD, we benchmark several state-of-the-art retrieval approaches, including lexical and dense architectures, both in zero-shot and supervised setups. We find that fine-tuned dense retrieval models significantly outperform other systems. Our best performing baseline achieves 74.8% R@100, which is promising for the feasibility of the task and indicates there is still room for improvement. By the specificity of the domain and addressed task, BSARD presents a unique challenge problem for future research on legal information retrieval. Our dataset and source code are publicly available. In this work, we focus on statutory article retrieval, which, given a legal question such as u201cis legal to contract a lifetime lease?u201d, aims to retrieve one or several relevant law articles from a corpus of legal statutes (Kim et al., 2019; Nguyen et al., 2020), as illustrated in Figure 1. A qualified statutory article retrieval system could provide a professional assisting service for unskilled humans and help empower the weaker parties when used for the public interest. Finding relevant statutes to a legal question is a challenging task. Unlike traditional ad-hoc information retrieval (Craswell et al., 2020), statutory article retrieval deals with two types of language: common natural language for the questions and complex legal language for the statutes. This difference in language distribution greatly complicates the retrieval task as it indirectly requires an inherent interpretation system that can translate a non-expert to a legal question to be matched against statutes. For skilled legal experts, these interpretations come from their knowledge of a questionu2019s domain and their understanding of the legal concepts and processes involved. Nevertheless, an interpretation is rarely unique. Instead, it is the interpreteru2019s subjective belief that gives meaning to the question and, accordingly, an idea of the domains in which the answer can be found. As a result, the same question can yield different paths to the desired outcome depending on its interpretation, making statutory article retrieval a difficult and time-consuming task. Besides, statutory law is not a stack of independent articles to be treated as complete sources of information on their own u2013 unlike new or recipes. Instead, it is a structured and hierarchical collection of legal provisions that have whole meaning only when considered in their overall context, i.e., together with the supplementary information from their neighboring articles, the fields and sub-fields they belong to, and their place in the hierarchy of the law. For instance, the answer to the question u201cis legal to contract a lifetime lease?u201d will most often be found in labor law. However, this is not necessarily true if an employer is contracting a self-employed worker to carry out a specific task, in which case the answer probably lies at the higher level of contract law. This example illustrates the importance of considering the questionu2019s context and understanding the hierarchical structure of the law when looking for relevant statutory articles.",
        "Language": "fr"
    },
    "validation": {
        "precision": 0.6465571000286319,
        "recall": 0.6696484250296545,
        "f1": 0.6579002070466782,
        "length": 0.9655172413793104
    },
    "cost": {
        "cost": 0,
        "input_tokens": 0,
        "output_tokens": 0
    },
    "config": {
        "model_name": "gemma-3-4b-it-sft-8912",
        "few_shot": 0,
        "link": "https://arxiv.org/pdf/2108.11792",
        "schema_name": "fr",
        "context": "all",
        "format": "pdf_plumber",
        "max_model_len": 8192,
        "max_output_len": 2048,
        "browse_web": false,
        "backend": "vllm"
    },
    "error": null
}