{
    "metadata": {
        "Name": "Belgian Statutory Article Retrieval Dataset (BSARD)",
        "Volume": 0.0,
        "Unit": "tokens",
        "License": "CC BY 3.0",
        "Link": "https://github.com/maastrichtlawtech/bsard",
        "HF_Link": "",
        "Year": 2025,
        "Domain": [
            "social media",
            "public datasets"
        ],
        "Form": "text",
        "Collection_Style": [
            "crawling"
        ],
        "Description": "A dataset of 1,100+ French native legal questions carefully labeled by legal experts with references to relevant articles from a corpus of around 22,600 Belgian law articles.",
        "Ethical_Risks": "Low",
        "Provider": [
            "data.world"
        ],
        "Derived_From": [],
        "Paper_Title": "A Statutory Article Retrieval Dataset in French",
        "Paper_Link": "",
        "Tokenized": true,
        "Host": "['data.world']",
        "Access": "Free",
        "Cost": "",
        "Test_Split": false,
        "Tasks": [
            "machine translation",
            "language modeling",
            "dialect identification",
            "text generation",
            "cross-lingual information retrieval",
            "named entity recognition",
            "question answering",
            "information retrieval",
            "part of speech tagging",
            "language identification",
            "summarization",
            "speaker identification",
            "transliteration",
            "morphological analysis",
            "offensive language detection",
            "review classification",
            "gender identification",
            "fake news detection",
            "dependency parsing",
            "irony detection",
            "meter classification",
            "natural language inference",
            "instruction tuning",
            "linguistic acceptability",
            "word prediction",
            "image captioning",
            "word similarity",
            "grammatical error correction",
            "intent classification",
            "sign language recognition",
            "optical character recognition",
            "fill-in-the blank",
            "relation extraction",
            "stance detection",
            "emotion classification",
            "semantic parsing",
            "text to SQL",
            "lexicon analysis",
            "embedding evaluation",
            "other"
        ],
        "Venue_Title": "",
        "Venue_Type": "journal",
        "Venue_Name": "",
        "Authors": [
            "Antoine Louis",
            "Gerasimos Spanakis"
        ],
        "Affiliations": [
            "Law&TechLab, Maastricht University"
        ],
        "Abstract": "A Statutory Article Retrieval Dataset in French",
        "Language": "['fr']"
    },
    "validation": {
        "precision": 0.39219648767921683,
        "recall": 0.4062035050963317,
        "f1": 0.39907712781393995,
        "length": 0.896551724137931
    },
    "cost": {
        "cost": 0,
        "input_tokens": 0,
        "output_tokens": 0
    },
    "config": {
        "model_name": "NuExtract-2.0-2B",
        "few_shot": 0,
        "link": "https://arxiv.org/pdf/2108.11792",
        "schema_name": "fr",
        "context": "all",
        "format": "pdf_plumber",
        "max_model_len": 8912,
        "max_output_len": 2048,
        "browse_web": false,
        "backend": "vllm"
    },
    "error": null
}