{
    "metadata": {
        "Name": "BSARD",
        "Volume": 1108.0,
        "Unit": "sentences",
        "License": "CC BY-NC-SA 4.0",
        "Link": "https://github.com/maastrichtlawtech/bsard",
        "HF_Link": "https://huggingface.co/datasets/antoiloui/bsard",
        "Year": 2022,
        "Domain": [
            "public datasets"
        ],
        "Form": "text",
        "Collection_Style": [
            "human annotation",
            "manual curation"
        ],
        "Description": "French native legal questions labeled with relevant articles from Belgian law.",
        "Ethical_Risks": "Low",
        "Provider": [
            "Maastricht University"
        ],
        "Derived_From": [],
        "Paper_Title": "A Statutory Article Retrieval Dataset in French",
        "Paper_Link": "https://arxiv.org/pdf/2108.11792",
        "Tokenized": false,
        "Host": "GitHub",
        "Access": "Free",
        "Cost": "",
        "Test_Split": true,
        "Tasks": [
            "information retrieval"
        ],
        "Venue_Title": "arXiv",
        "Venue_Type": "preprint",
        "Venue_Name": "",
        "Authors": [
            "Antoine Louis",
            "Gerasimos Spanakis"
        ],
        "Affiliations": [
            "Law & Tech Lab, Maastricht University"
        ],
        "Abstract": "Statutory article retrieval is the task of automatically retrieving law articles relevant to a legal question. While recent advances in natural language processing have sparked considerable interest in many legal tasks, statutory article retrieval remains primarily untouched due to the scarcity of large-scale and high-quality annotated datasets. To address this bottleneck, we introduce the Belgian Statutory Article Retrieval Dataset (BSARD), which consists of 1,100+ French native legal questions labeled by experienced jurists with relevant articles from a corpus of 22,600+ Belgian law articles. Using BSARD, we benchmark several state-of-the-art retrieval approaches, including lexical and dense architectures, both in zero-shot and supervised setups. We find that fine-tuned dense retrieval models significantly outperform other systems. Our best performing baseline achieves 74.8% R@100, which is promising for the feasibility of the task and indicates there is still room for improvement. By the specificity of the domain and addressed task, BSARD presents a unique challenge problem for future research on legal information retrieval. Our dataset and source code are publicly available.",
        "Language": "fr"
    },
    "validation": {
        "precision": 0.828324711762127,
        "recall": 0.8306350099094756,
        "f1": 0.8294782521537278,
        "length": 0.9655172413793104
    },
    "cost": {
        "cost": 0.074757,
        "input_tokens": 19292,
        "output_tokens": 551
    },
    "config": {
        "model_name": "x-ai/grok-4",
        "few_shot": 0,
        "link": "https://arxiv.org/pdf/2108.11792",
        "schema_name": "fr",
        "context": "all",
        "format": "pdf_plumber",
        "max_model_len": null,
        "max_output_len": null,
        "browse_web": false,
        "backend": "openrouter"
    },
    "error": null
}