{
    "metadata": {
        "Name": "D F",
        "Volume": -0.04,
        "Unit": "sentences",
        "License": "CC BY-NC 1.0",
        "Link": "https://www.u.com",
        "HF_Link": "https://www.A.com",
        "Year": 1965,
        "Domain": [
            "other",
            "TV Channels",
            "reviews",
            "wikipedia",
            "books",
            "news articles",
            "commentary",
            "LLM",
            "social media",
            "public datasets"
        ],
        "Form": "images",
        "Collection_Style": [
            "other",
            "machine annotation"
        ],
        "Description": "p c u M G p A e Y s U n r U W H E f K Y D W l Y C I e P",
        "Ethical_Risks": "High",
        "Provider": [],
        "Derived_From": [],
        "Paper_Title": "C F E l c S T b S I J P I f P d I l c O N Q k m h M K k P Z e i g M P x T P i n H p p",
        "Paper_Link": "https://www.o.com",
        "Tokenized": true,
        "Host": "LDC",
        "Access": "Free",
        "Cost": "",
        "Test_Split": false,
        "Tasks": [
            "word similarity",
            "lexicon analysis"
        ],
        "Venue_Title": "g",
        "Venue_Type": "conference",
        "Venue_Name": "j n i O d Z",
        "Authors": [],
        "Affiliations": [],
        "Abstract": "J b u b W k J V i P H g F W t E n P E H C w z D N U K y c K F L g S d y R j H L m A e v M j i o w o N B D v K j R q b F P X q F X G A e U F K c J r Y W R K u H u v F h N t d i Q H s B X t Z V l h i f Y K m u a A F b W y j D Q X y U n y A B k F v P e D e H B l d u Y Q R T F H O I b h K i c D O i i d r Y Z D H Y r K i a z m a M k P W D o F d n g Q C n y E r F k P A U X W o p u B u e m i B m u w s I p i S d x m D h j Q H m I m S w c K A Y N J n H a F a x x c u Q C t g P e l D t U l L G Y D o L W e m k P x b t l d f B n x q B r w X w A F O c l G l a f Z l G m D z u E H L M d N E w B i v W G n n L O r y x J j L z W s j D z V T N a i B x M u J N d a s A r w m e b Z f G Z c v f E H e C f t u w E Z q t u e R q z t J T z g V n Y J C m I j t Y W k p I Q S i P i f V r j e D v U Z E F f l w b i L T Q f B O n A G K p u u o S b S n d S O e E s Y B D U m Y q n m W A d N E j q n p q M B b W p y f Z x y a v Q f m N v G M a N Q B B Q O h y P l t o Z L b y X G",
        "Language": "multilingual"
    },
    "validation": {
        "precision": 0.24557857164700275,
        "recall": 0.22343379217075976,
        "f1": 0.2339833905115931,
        "length": 0.9655172413793104
    },
    "cost": {
        "cost": 0,
        "input_tokens": 0,
        "output_tokens": 0
    },
    "config": {
        "model_name": "baseline-random",
        "few_shot": 0,
        "link": "https://arxiv.org/pdf/2305.07759",
        "schema_name": "en",
        "context": "all",
        "format": "pdf_plumber",
        "max_model_len": null,
        "max_output_len": null,
        "browse_web": false,
        "backend": "openrouter"
    },
    "error": null
}