{
    "metadata": {
        "Name": "s T M L",
        "Volume": -0.34,
        "Unit": "tokens",
        "License": "CC BY-NC-SA 4.0",
        "Link": "https://www.X.com",
        "HF_Link": "https://www.q.com",
        "Year": 2015,
        "Domain": [
            "wikipedia",
            "LLM",
            "TV Channels"
        ],
        "Form": "images",
        "Collection_Style": [
            "other",
            "human annotation",
            "manual curation",
            "machine annotation",
            "LLM generated"
        ],
        "Description": "T Z s X A Y Z Q J i a E K W A",
        "Ethical_Risks": "High",
        "Provider": [],
        "Derived_From": [],
        "Paper_Title": "H k H Z f J F t P a U Q y f x E n z O V D R e S V i R S T A F k K v b g u U D V W e E r A x y f R z H y j C i S R h d d u X C n l f h Q h S Q h D a S D N z J W D T r f a l R q l z X A r e D l t t N m",
        "Paper_Link": "https://www.m.com",
        "Tokenized": false,
        "Host": "ResearchGate",
        "Access": "Upon-Request",
        "Cost": "F",
        "Test_Split": true,
        "Tasks": [
            "dependency parsing",
            "grammatical error correction",
            "image captioning",
            "summarization"
        ],
        "Venue_Title": "G",
        "Venue_Type": "conference",
        "Venue_Name": "o Y N L o f",
        "Authors": [],
        "Affiliations": [],
        "Abstract": "p x r m j X z f t u A Y Y D G J A z q J e q U l Y Z D c e k q f P s m c t a g F W k M k a U R d j m W t P w t N G o E K R J H E e X L o K G I t D I k A g f V g U y x r v t D r Q m m y W b L a v N x w n y l o H F W Y B e p A J X i b T P N y J v j u O P X U J B L j W L E w G G U D l w m V R C k c g x J l J S N w H Z U r J i C s w w I R y h N N X u y C U K b k S E T v k a Z h H z t B e Y z a v N q M N m Y b S A h n E o R l t A r Q n e i G D d Z y q L b w I Y N U g w b o t r t P j Q C r C i z b S r r Z F v P d D B S E z B O s D K Z K Y u F M s n Y s Z S l R Z o I O e Q q K X b F p f L Y A s x v B v e Y Z j m w K b R H o T I q C Y c K S K h F O v E n q Q z x g t B m Q t m q Q V X a N B g m o v y W d K S s m l p h C n b m Q v T X m D T E i m Z p T P M L P S d i A l B z g e a Q e Y Z M x o v r u L U i m k c S A d x x O N g G A a h I t Y A J g y M R k u y w y p Q V s H t E K A J N R j l A A Q A U O A Q y r w x H c L Y x d k f n P a T W j j Y s Q a Z a F W R q Q u z s s E O K N a B s k V k j j I F A E W S V c U b H W A v r V W G L r h Y I o Y F r U e P i f n L F v i W N J Q O f O R M z J f N n O H A B d c a O h g u Y U q Q e u E Z c v V b F u D K v U X Z c R T h W g k X R D o n u a H c O d a o O R A W f r M q h E d t n r z B e q t u y w d l H R A h d i t D I B D s I L u Q M V y r O b t Y r A m e f w G C A f c s X j o z V X a H m I M U J S O i c M B Z i u o T z V K Z F Y j w E Y D S G A u t p k Y B T U W m r G q h N C B K f V y J F F K e z k u A s v M c X F i C e A J v q J W T u S f d Z N F D q U S z l J L Z P e Z S E r M F e D b P Q L e E u g U W V B S k p V E l g l z p M o e U I Y j T a B y g Q o U K S T P M a h k E a g z c q l j q T m H M J j s o C Y l C d t X V e S L V x v U B N j d w r A r S M t g K C h b G A D v y u e B g J M i k m F v U C B l e W f g k D H w u H n P H F b r N k H Y w A l a m y F R p r L I L T e g z F I l h",
        "Language": "en"
    },
    "validation": {
        "precision": 0.21940329717444823,
        "recall": 0.22650782472235995,
        "f1": 0.22289896411867674,
        "length": 0.9655172413793104
    },
    "cost": {
        "cost": 0,
        "input_tokens": 0,
        "output_tokens": 0
    },
    "config": {
        "model_name": "baseline-random",
        "few_shot": 0,
        "link": "https://arxiv.org/pdf/1606.06031",
        "schema_name": "en",
        "context": "all",
        "format": "pdf_plumber",
        "max_model_len": null,
        "max_output_len": null,
        "browse_web": false,
        "backend": "openrouter"
    },
    "error": null
}