{
    "metadata": {
        "Name": "LAMBADA",
        "Volume": 0.0,
        "Unit": "sentences",
        "License": "",
        "Link": "",
        "HF_Link": "",
        "Year": 2025,
        "Domain": [
            "LLM"
        ],
        "Form": "text",
        "Collection_Style": [],
        "Description": "LAMBADA is a dataset designed to evaluate the capabilities of computational models for text understanding through a word prediction task.",
        "Ethical_Risks": "",
        "Provider": [],
        "Derived_From": [],
        "Paper_Title": "The end-to-end system of Vinyals and Le (2015), trained on large conversational datasets, produces dialoguessuchasthefollowing: evaluate the capabilities of computational models for text understanding by means (1) Human: whatisyourjob? of a word prediction task. LAMBADA Machine: i\u2019malawyer is a collection of narrative passages sharing the characteristic that human subjects are able to guess their last word if they are exposed to the whole passage, but not if they only see the last sentence preceding the target word.",
        "Paper_Link": "",
        "Tokenized": false,
        "Host": "",
        "Access": "",
        "Cost": "",
        "Test_Split": false,
        "Tasks": [
            "word prediction"
        ],
        "Venue_Title": "",
        "Venue_Type": "",
        "Venue_Name": "",
        "Authors": [
            "Denis Paperno",
            "Germa\u00b4n Kruszewski",
            "Angeliki Lazaridou",
            "Quan Ngoc Pham",
            "Raffaella Bernardi",
            "Sandro Pezzelle",
            "Marco Baroni",
            "Gemma Boleda",
            "Raquel Fernandez"
        ],
        "Affiliations": [
            "CIMeC-CenterforMind/BrainSciences, University of Trento"
        ],
        "Abstract": "The LAMBADA dataset presents a challenge for evaluating computational models' ability to understand broader context in natural language text. It involves guessing words in narrative passages, highlighting the limitations of existing models in handling long-term contextual information.",
        "Language": "en"
    },
    "validation": {
        "precision": 0.3309831455340658,
        "recall": 0.3839404488195164,
        "f1": 0.3555004155736263,
        "length": 0.9310344827586207
    },
    "cost": {
        "cost": 0,
        "input_tokens": 0,
        "output_tokens": 0
    },
    "config": {
        "model_name": "NuExtract-2.0-4B",
        "few_shot": 0,
        "link": "https://arxiv.org/pdf/1606.06031",
        "schema_name": "en",
        "context": "all",
        "format": "pdf_plumber",
        "max_model_len": 8912,
        "max_output_len": 2048,
        "browse_web": false,
        "backend": "vllm"
    },
    "error": null
}