{
    "metadata": {
        "Name": "LAMBADA",
        "Volume": 5325.0,
        "Unit": "sentences",
        "License": "",
        "Link": "",
        "HF_Link": "",
        "Year": 2025,
        "Domain": [
            "news articles"
        ],
        "Form": "text",
        "Collection_Style": [
            "human annotation"
        ],
        "Description": "LAMBADA is a dataset designed to evaluate computational models for text understanding through a word prediction task.",
        "Ethical_Risks": "Low",
        "Provider": [],
        "Derived_From": [],
        "Paper_Title": "Word prediction requiring a broad discourse context",
        "Paper_Link": "",
        "Tokenized": false,
        "Host": "other",
        "Access": "Free",
        "Cost": "",
        "Test_Split": true,
        "Tasks": [
            "language modeling",
            "word prediction"
        ],
        "Venue_Title": "",
        "Venue_Type": "",
        "Venue_Name": "",
        "Authors": [
            "Denis Paperno",
            "Germa\u00b4n Kruszewski",
            "Angeliki Lazaridou",
            "Quan Ngoc Pham",
            "Raffaella Bernardi",
            "Sandro Pezzelle",
            "Marco Baroni",
            "Gemma Boleda",
            "Raquel Ferna\u00b4ndez"
        ],
        "Affiliations": [
            "CIMeC-Center for Mind/Brain Sciences, University of Trento",
            "Institute for Logic, Language & Computation, University of Amsterdam"
        ],
        "Abstract": "We introduce LAMBADA, a dataset to evaluate the capabilities of computational models for text understanding by means of a word prediction task. LAMBADA exemplifies a wide range of linguistic phenomena, and none of several state-of-the-art language models reaches accuracy above 1% on this novel benchmark. We thus propose LAMBADA as a challenging test set, meant to encourage the development of new models capable of genuine understanding of broad context in natural language text.",
        "Language": "en"
    },
    "validation": {
        "precision": 0.5006938662843115,
        "recall": 0.5808048848898012,
        "f1": 0.5377823008238901,
        "length": 0.9655172413793104
    },
    "cost": {
        "cost": 0,
        "input_tokens": 0,
        "output_tokens": 0
    },
    "config": {
        "model_name": "NuExtract-2.0-8B",
        "few_shot": 0,
        "link": "https://arxiv.org/pdf/1606.06031",
        "schema_name": "en",
        "context": "all",
        "format": "pdf_plumber",
        "max_model_len": 8912,
        "max_output_len": 2048,
        "browse_web": false,
        "backend": "vllm"
    },
    "error": null
}