{
    "metadata": {
        "Name": "LAMBADA",
        "Volume": 1000.0,
        "Unit": "sentences",
        "License": "unknown",
        "Link": "",
        "HF_Link": "",
        "Year": 2025,
        "Domain": [
            "books"
        ],
        "Form": "text",
        "Collection_Style": [
            "manual curation"
        ],
        "Description": "a dataset to evaluate the capabilities of computational models for text understanding by means of a word prediction task",
        "Ethical_Risks": "Low",
        "Provider": [
            "University of Trento",
            "InstituteforLogic",
            "Language&Computation"
        ],
        "Derived_From": [],
        "Paper_Title": "LAMBADA: Word prediction requiring a broad discourse context",
        "Paper_Link": "https://arxiv.org/pdf/2504.21677",
        "Tokenized": false,
        "Host": "other",
        "Access": "Free",
        "Cost": "",
        "Test_Split": true,
        "Tasks": [
            "word prediction"
        ],
        "Venue_Title": "",
        "Venue_Type": "preprint",
        "Venue_Name": "",
        "Authors": [
            "Denis Paperno",
            "Germau00b4n Kruszewski",
            "Angeliki Lazaridou",
            "Quan Ngoc Pham",
            "Rafaella Bernardi",
            "Sandro Pezzelle",
            "Marco Baroni",
            "Gemma Boleda",
            "Raquel Fernandeu00a1"
        ],
        "Affiliations": [
            "CIMeC-CenterforMind/BrainSciences",
            "University of Trento",
            "InstituteforLogic",
            "Language&Computation"
        ],
        "Abstract": "We introduce LAMBADA, a dataset to evaluate the capabilities of computational models for text understanding by means of a word prediction task. LAMBADA is a collection of narrative passages sharing the characteristic that human subjects are able to guess their last word if they are exposed to the whole passage, but not if they only see the last sentence preceding the target word. To succeed on LAMBADA, computational models cannot simply rely on local context, but must be able to keep track of information in the broader discourse. We show that LAMBADA exemplifies a wide range of linguistic phenomena, and that none of several state-of-the-art language models reaches accuracy above 1% on this novel benchmark. We thus propose LAMBADA as a challenging test set, meant to encourage the development of new models capable of genuine understanding of broad context in natural language text. In this paper, we introduce the LAMBADA dataset (LAnguage Modeling Broadened to Account for Discourse Aspects). LAMBADA proposes a word prediction task where the target item is difficult to guess (for English speakers) when only the sentence in which it appears is available, but becomes easy when a broader context is presented. Consider Example (1) in Figure 1. The sentence Do you honestly think that I would want you to have a ? has a multitude of possible continuations, but the broad context clearly indicates that the missing word is miscarriage. LAMBADA casts language understanding in the classic word prediction framework of language modeling. We can thus use it to test several existing language modeling architectures, including nuJ 1v13060.6061:viXra systemswithcapacitytoholdlongert-mencanntext. In our preliminary experiments, none of these models came even remotely close to human performance, confirming that LAMBADA is a challenging benchmark for research on automated modelsofnaturallanguageunderstanding.",
        "Language": "en"
    },
    "validation": {
        "precision": 0.5990634450115919,
        "recall": 0.6549135962134466,
        "f1": 0.6257447819766736,
        "length": 0.9655172413793104
    },
    "cost": {
        "cost": 0,
        "input_tokens": 0,
        "output_tokens": 0
    },
    "config": {
        "model_name": "gemma-3-4b-it-sft-8192v2",
        "few_shot": 0,
        "link": "https://arxiv.org/pdf/1606.06031",
        "schema_name": "en",
        "context": "all",
        "format": "pdf_plumber",
        "max_model_len": 8192,
        "max_output_len": 2048,
        "browse_web": false,
        "backend": "vllm"
    },
    "error": null
}