{
    "metadata": {
        "Name": "LAMBADA",
        "Volume": 10022.0,
        "Unit": "documents",
        "License": "unknown",
        "Link": "http://clic.cimec.unitn.it/lambada/",
        "HF_Link": "",
        "Year": 2016,
        "Domain": [
            "books"
        ],
        "Form": "text",
        "Collection_Style": [
            "human annotation",
            "machine annotation",
            "manual curation"
        ],
        "Description": "A dataset of narrative passages for evaluating text understanding via word prediction requiring broad discourse context.",
        "Ethical_Risks": "Low",
        "Provider": [
            "University of Trento",
            "University of Amsterdam"
        ],
        "Derived_From": [
            "BookCorpus"
        ],
        "Paper_Title": "The LAMBADA dataset: Word prediction requiring a broad discourse context",
        "Paper_Link": "https://arxiv.org/pdf/1606.06031.pdf",
        "Tokenized": false,
        "Host": "other",
        "Access": "Free",
        "Cost": "",
        "Test_Split": true,
        "Tasks": [
            "word prediction"
        ],
        "Venue_Title": "arXiv",
        "Venue_Type": "preprint",
        "Venue_Name": "",
        "Authors": [
            "Denis Paperno",
            "German Kruszewski",
            "Angeliki Lazaridou",
            "Quan Ngoc Pham",
            "Raffaella Bernardi",
            "Sandro Pezzelle",
            "Marco Baroni",
            "Gemma Boleda",
            "Raquel Fernandez"
        ],
        "Affiliations": [
            "CIMeC-Center for Mind/Brain Sciences, University of Trento",
            "Institute for Logic, Language & Computation, University of Amsterdam"
        ],
        "Abstract": "We introduce LAMBADA, a dataset to evaluate the capabilities of computational models for text understanding by means of a word prediction task. LAMBADA is a collection of narrative passages sharing the characteristic that human subjects are able to guess their last word if they are exposed to the whole passage, but not if they only see the last sentence preceding the target word. To succeed on LAMBADA, computational models cannot simply rely on local context, but must be able to keep track of information in the broader discourse. We show that LAMBADA exemplifies a wide range of linguistic phenomena, and that none of several state-of-the-art language models reaches accuracy above 1% on this novel benchmark. We thus propose LAMBADA as a challenging test set, meant to encourage the development of new models capable of genuine understanding of broad context in natural language text.",
        "Language": "en"
    },
    "validation": {
        "precision": 0.7681538018869353,
        "recall": 0.8332806324110672,
        "f1": 0.7993929343799792,
        "length": 0.9655172413793104
    },
    "cost": {
        "cost": 0.06197625,
        "input_tokens": 13664,
        "output_tokens": 545
    },
    "config": {
        "model_name": "x-ai/grok-4",
        "few_shot": 0,
        "link": "https://arxiv.org/pdf/1606.06031",
        "schema_name": "en",
        "context": "all",
        "format": "pdf_plumber",
        "max_model_len": null,
        "max_output_len": null,
        "browse_web": false,
        "backend": "openrouter"
    },
    "error": null
}