{
    "metadata": {
        "Name": "LAMBADA",
        "Volume": 10022.0,
        "Unit": "sentences",
        "License": "unknown",
        "Link": "http://clic.cimec.unitn.it/lambada/",
        "HF_Link": "",
        "Year": 2016,
        "Domain": [
            "books"
        ],
        "Form": "text",
        "Collection_Style": [
            "human annotation",
            "manual curation"
        ],
        "Description": "A word prediction dataset requiring broad discourse context, built from book excerpts.",
        "Ethical_Risks": "Low",
        "Provider": [
            "University of Trento",
            "University of Amsterdam"
        ],
        "Derived_From": [
            "BookCorpus"
        ],
        "Paper_Title": "The LAMBADA dataset: Word prediction requiring a broad discourse context",
        "Paper_Link": "https://arxiv.org/pdf/1606.06031",
        "Tokenized": false,
        "Host": "other",
        "Access": "Free",
        "Cost": "",
        "Test_Split": true,
        "Tasks": [
            "language modeling",
            "word prediction"
        ],
        "Venue_Title": "arXiv",
        "Venue_Type": "preprint",
        "Venue_Name": "",
        "Authors": [
            "Denis Paperno",
            "Germ\u00e1n Kruszewski",
            "Angeliki Lazaridou",
            "Quan Ngoc Pham",
            "Raffaella Bernardi",
            "Sandro Pezzelle",
            "Marco Baroni",
            "Gemma Boleda",
            "Raquel Fern\u00e1ndez"
        ],
        "Affiliations": [
            "University of Trento",
            "University of Amsterdam"
        ],
        "Abstract": "We introduce LAMBADA, a dataset to evaluate the capabilities of computational models for text understanding by means of a word prediction task. LAMBADA is a collection of narrative passages sharing the characteristic that human subjects are able to guess their last word if they are exposed to the whole passage, but not if they only see the last sentence preceding the target word. To succeed on LAMBADA, computational models cannot simply rely on local context, but must be able to keep track of information in the broader discourse. We show that LAMBADA exemplifies a wide range of linguistic phenomena, and that none of several state-of-the-art language models reaches accuracy above 1% on this novel benchmark. We thus propose LAMBADA as a challenging test set, meant to encourage the development of new models capable of genuine understanding of broad context in natural language text.",
        "Language": "en"
    },
    "validation": {
        "precision": 0.7725455454091137,
        "recall": 0.838375054896794,
        "f1": 0.8041152542461084,
        "length": 0.9655172413793104
    },
    "cost": {
        "cost": 0.01525872,
        "input_tokens": 13664,
        "output_tokens": 525
    },
    "config": {
        "model_name": "moonshotai/kimi-k2",
        "few_shot": 0,
        "link": "https://arxiv.org/pdf/1606.06031",
        "schema_name": "en",
        "context": "all",
        "format": "pdf_plumber",
        "max_model_len": null,
        "max_output_len": null,
        "browse_web": false,
        "backend": "openrouter"
    },
    "error": null
}