{
    "metadata": {
        "Name": "FQuAD2.0",
        "Volume": 80000.0,
        "Unit": "sentences",
        "License": "unknown",
        "Link": "",
        "HF_Link": "",
        "Year": 2020,
        "Domain": [
            "wikipedia"
        ],
        "Form": "text",
        "Collection_Style": [
            "manual curation"
        ],
        "Description": "a French Native Reading Comprehension dataset composed of 60000+ questions and answers samples extracted from Wikipedia articles",
        "Ethical_Risks": "Low",
        "Provider": [
            "Illuin Technology"
        ],
        "Derived_From": [
            "SQuAD1.1"
        ],
        "Paper_Title": "FQuAD2.0: French Question Answering and knowing that you know nothing",
        "Paper_Link": "",
        "Tokenized": false,
        "Host": "other",
        "Access": "Free",
        "Cost": "",
        "Test_Split": true,
        "Tasks": [
            "question answering"
        ],
        "Venue_Title": "",
        "Venue_Type": "preprint",
        "Venue_Name": "",
        "Authors": [
            "QuentinHeinrich",
            "GautierViaud",
            "WacimBelblidia"
        ],
        "Affiliations": [
            "Illuin Technology"
        ],
        "Abstract": "AsSQuAD1.1(Rajpurkaretal.,2016),SQuAD2.0(Rajpurkaretal.,2018),BoolQ(Clarketal.,2019),QuestionAnswering,includingReadingComprehension, is one of the NLP research areas that has seen significant scientific breakthroughs over the past few years, thanks to the concomitant advances in Language Modeling. Most of these breakthroughs, however, are centered on the English language. In 2020, as a first strong initiative to bridge the gap to the French language, Illuin Technol-ogy introduced FQuAD1.1, a French Native ReadingComprehensiondatasetcomposedof60000+ questions and answers samples extracted from Wikipedia articles. Nonetheless, mostofthesetasks,includingQuestionAnswering.Whilst most of these recent transformers models are English models, French language models have also been released, in particular CamemBERT (Martin et al., 2019) and FlauBERT (Le etal.,2019),aswellasmultilingualmodelssuchasmBERT(Piresetal.,2019)orXLM-RoBERTa(Conneauetal.,2019). Thesemodelsfosteredthestate-of-the-artinNLPforFrenchlanguage,allowingtobenefitfromthislarge-scaletransferlearningmechanism. However,nativeFrenchresourcesforQuestionAnsweringremainscarcerthannEnglishresources. Nonetheless,in2020,FQuAD1.1wasintroduced by Illuin Technology (du2019Hoffschmidtetal.,2020). With60,000+question-answerpairs,itenabledthedevelopmentofQAmodelssurpassingthehumanperformanceinthereadingComprehensiontask.",
        "Language": "fr"
    },
    "validation": {
        "precision": 0.6626694774513114,
        "recall": 0.7686965938435213,
        "f1": 0.7117561054106678,
        "length": 0.9655172413793104
    },
    "cost": {
        "cost": 0,
        "input_tokens": 0,
        "output_tokens": 0
    },
    "config": {
        "model_name": "gemma-3-4b-it-sft-8192v2",
        "few_shot": 0,
        "link": "https://arxiv.org/pdf/2109.13209",
        "schema_name": "fr",
        "context": "all",
        "format": "pdf_plumber",
        "max_model_len": 8192,
        "max_output_len": 2048,
        "browse_web": false,
        "backend": "vllm"
    },
    "error": null
}