{
    "metadata": {
        "Name": "FQuAD2.0",
        "Volume": 80000.0,
        "Unit": "sentences",
        "License": "unknown",
        "Link": "",
        "HF_Link": "",
        "Year": 2023,
        "Domain": [
            "wikipedia"
        ],
        "Form": "text",
        "Collection_Style": [
            "human annotation"
        ],
        "Description": "extends FQuAD with 17,000+ unanswerable questions, annotated adversarially, in order to be similar to answerable ones.",
        "Ethical_Risks": "Low",
        "Provider": [
            "Illuin Technology"
        ],
        "Derived_From": [
            "FQuAD1.1"
        ],
        "Paper_Title": "FQuAD2.0: French Question Answering and knowing that you know nothing",
        "Paper_Link": "",
        "Tokenized": false,
        "Host": "other",
        "Access": "Free",
        "Cost": "",
        "Test_Split": true,
        "Tasks": [
            "question answering"
        ],
        "Venue_Title": "",
        "Venue_Type": "preprint",
        "Venue_Name": "",
        "Authors": [
            "QuentinHeinrich",
            "GautierViaud",
            "WacimBelblidia"
        ],
        "Affiliations": [
            "Illuin Technology",
            "Paris,France"
        ],
        "Abstract": "Abstract asSQuAD1.1(Rajpurkaretal.,2016),SQuAD2.0 (Rajpurkaretal.,2018),BoolQ(Clarketal.,2019), QuestionAnswering,includingReadingCom- CoQA (Reddy et al., 2018), Natural Questions prehension, is one of the NLP research ar- eas that has seen significant scientific break- throughs over the past few years, thanks to the concomitant advances in Language Mod- eling. Most of these breakthroughs, however, are centered on the English language. In 2020, as a first strong initiative to bridge the gap to the French language, Illuin Technol- ogy introduced FQuAD1.1, a French Native ReadingComprehensiondatasetcomposedof 60,000+ questions and answers samples ex- tracted from Wikipedia articles. Nonetheless, mostofthesetasks,includingQuestionAnswer- ing models trained on this dataset have a major drawback: they are not able to predict when a given question has no answer in the paragraph of interest, therefore makingunreliablepredictionsinvariousindus- trial use-cases. In the present work, we intro- duceFQuAD2.0,whichextendsFQuADwith 17,000+ unanswerable questions, annotated adversarially,inordertobesimilartoanswer- ableones.Thisnewdataset,comprisingatotal of almost 80,000 questions, makes it possible to train French Question Answering models withtheabilityofdistinguishingunanswerable questions from answerable ones. We bench- mark several models with this dataset: our best model, a fine-tuned CamemBERT , LARGE achievesaF1scoreof82.3%onthisclassifica- tiontask,andaF1scoreof83%ontheRead- ingComprehensiontask.",
        "Language": "fr"
    },
    "validation": {
        "precision": 0.6944557866180748,
        "recall": 0.8055687124769668,
        "f1": 0.7458969559971916,
        "length": 0.9655172413793104
    },
    "cost": {
        "cost": 0.00163277,
        "input_tokens": 15529,
        "output_tokens": 732
    },
    "config": {
        "model_name": "google_gemma-3-27b-it",
        "few_shot": 0,
        "link": "https://arxiv.org/pdf/2109.13209",
        "schema_name": "fr",
        "context": "all",
        "format": "pdf_plumber",
        "max_model_len": null,
        "max_output_len": null,
        "browse_web": false,
        "backend": "openrouter"
    },
    "error": null
}