{
    "metadata": {
        "Name": "Y c J T q",
        "Volume": -0.62,
        "Unit": "hours",
        "License": "CC BY-SA 4.0",
        "Link": "https://www.i.com",
        "HF_Link": "https://www.n.com",
        "Year": 2005,
        "Domain": [
            "web pages",
            "commentary"
        ],
        "Form": "text",
        "Collection_Style": [
            "other",
            "machine annotation",
            "human annotation",
            "manual curation"
        ],
        "Description": "R F t j y D e i B h v a I S Q r I q e W n s i S E h Q O H I v h K S",
        "Ethical_Risks": "Medium",
        "Provider": [],
        "Derived_From": [],
        "Paper_Title": "k N R b p K m F J H i a z",
        "Paper_Link": "https://www.l.com",
        "Tokenized": true,
        "Host": "OneDrive",
        "Access": "Upon-Request",
        "Cost": "",
        "Test_Split": false,
        "Tasks": [
            "text generation",
            "emotion classification",
            "dependency parsing",
            "sentiment analysis",
            "fake news detection"
        ],
        "Venue_Title": "Y",
        "Venue_Type": "conference",
        "Venue_Name": "n y j j",
        "Authors": [],
        "Affiliations": [],
        "Abstract": "n x f y p h r e R r Z i D c Q v k Z n Q k y N q v c l y m I r N Y n X Q p t q g O N Z w u A I U U m r K t E K w M I x R H m Y L N t Z Y o I j J D D g R M C x L h Q L N B D t g V g y v J c M Z j v A D i v o h k x z l M k b c c D J U U A J Q o m f v P E x R h d M L U J a B d t J S p i x f X g C z V Q s V d l N D t t r o u v u o I M k Y i a T t h l B u j f Z K K g v E E h U E m y C Z x h o t O H y i u K C F Q f V C C v G T X z k t F W X D b S Z x K E G P v o p i K N o z F D z d m L z s e F z h B D z r H l x h Y V a k h O q m j x y N m W p T e O S r Q Y b h N t v W A f R C f m G T k Y u i o K v n F p g i u v E N u C P b j O a V V p z b A p C E o w S L a z S Q W r x i f j V G h c U m i j e d F F l O O W a w D r Z d b H g D e k Q D V m o q y a C t P D c v V L D g V G M O V d m c G X q z I g Y D C B b o b M s V g c b j D E K x j A k D k T x N k V a I W P G b X b K g K p s T c r y D Y m L r o h f a c M W k g F N e g W s h o n G S t Z y i j A A w k e E h A Q e U b q m X S J M U t B m w z J D I H f c a l R c J c D V S n R r l a D n S r v n b a r G j m d n K f z C E I l M I N I H G L i F P H V U Q B P Y S l D k z Z Z G O n E B H u T h r m k X w W j e c d e Z C K f C B H v p X P c q r r u e j i C J b q X M L C a H g C f z I o M X t b F m o B n T o f H g M J i o q U Y N m Y o k y c U j L f p Z D N q e z F r m R M m z z N B E G m c J r Q W J S c R O O r a z B V w A p T a C F U Z o b S c r U G z I v n b O z o w z v",
        "Language": "fr"
    },
    "validation": {
        "precision": 0.2442416069983899,
        "recall": 0.22853238533025347,
        "f1": 0.2361260050254023,
        "length": 0.9655172413793104
    },
    "cost": {
        "cost": 0,
        "input_tokens": 0,
        "output_tokens": 0
    },
    "config": {
        "model_name": "baseline-random",
        "few_shot": 0,
        "link": "https://arxiv.org/pdf/2109.13209",
        "schema_name": "fr",
        "context": "all",
        "format": "pdf_plumber",
        "max_model_len": null,
        "max_output_len": null,
        "browse_web": false,
        "backend": "openrouter"
    },
    "error": null
}