{
    "metadata": {
        "Name": "FQuAD2.0",
        "Volume": 80000.0,
        "Unit": "sentences",
        "License": "",
        "Link": "",
        "HF_Link": "",
        "Year": 2020,
        "Domain": [
            "public datasets"
        ],
        "Form": "text",
        "Collection_Style": [
            "human annotation"
        ],
        "Description": "FQuAD2.0 extends FQuAD1.1 with 17,000+ unanswerable questions, making it the first French adversarial Question Answering dataset.",
        "Ethical_Risks": "Low",
        "Provider": [
            "Illumin Technology"
        ],
        "Derived_From": [],
        "Paper_Title": "FQuAD2.0: French Question Answering and knowing that you know nothing",
        "Paper_Link": "",
        "Tokenized": false,
        "Host": "other",
        "Access": "Free",
        "Cost": "",
        "Test_Split": true,
        "Tasks": [
            "question answering",
            "cross-lingual information retrieval"
        ],
        "Venue_Title": "arXiv",
        "Venue_Type": "preprint",
        "Venue_Name": "",
        "Authors": [
            "Quentin Heinrich",
            "Gautier Viaud",
            "Wacim Belblidia"
        ],
        "Affiliations": [
            "Illuin Technology"
        ],
        "Abstract": "As SQuAD1.1 (Rajpurkar et al., 2016), SQuAD2.0 (Rajpurkar et al., 2018), BoolQ (Clark et al., 2019), and Question Answering, including Reading Comprehension, is one of the NLP research areas that has seen significant scientific breakthroughs over the past few years, thanks to the concomitant advances in Language Modeling. Most of these breakthroughs, however, are centered on the English language. In 2020, as a first strong initiative to bridge the gap to the French language, Illuin Technology introduced FQuAD1.1, a French Native Reading Comprehension dataset composed of 60,000+ questions and answers samples extracted from Wikipedia articles. Nonetheless, most of these tasks, including Question Answering, are centered on the English language.",
        "Language": "fr"
    },
    "validation": {
        "precision": 0.6448623468037245,
        "recall": 0.7480403222923203,
        "f1": 0.6926299280484448,
        "length": 0.9655172413793104
    },
    "cost": {
        "cost": 0,
        "input_tokens": 0,
        "output_tokens": 0
    },
    "config": {
        "model_name": "NuExtract-2.0-8B",
        "few_shot": 0,
        "link": "https://arxiv.org/pdf/2109.13209",
        "schema_name": "fr",
        "context": "all",
        "format": "pdf_plumber",
        "max_model_len": 8912,
        "max_output_len": 2048,
        "browse_web": false,
        "backend": "vllm"
    },
    "error": null
}