{
    "metadata": {
        "Name": "FQuAD2.0",
        "Volume": 80000.0,
        "Unit": "sentences",
        "License": "unknown",
        "Link": "https://arxiv.org/pdf/2504.21677",
        "HF_Link": "{'answer_type': 0, 'answer_min': 0, 'answer_max': 1}",
        "Year": 2020,
        "Domain": [
            "news articles",
            "reviews",
            "commentary",
            "books",
            "wikipedia",
            "web pages"
        ],
        "Form": "text",
        "Collection_Style": [
            "human annotation",
            "adversarial"
        ],
        "Description": "The first French adversarial Question Answering dataset with a grand total of almost 80,000 questions.",
        "Ethical_Risks": "Medium",
        "Provider": [
            "IlluinTechnology"
        ],
        "Derived_From": [
            "SQuAD1.1"
        ],
        "Paper_Title": "FQuAD2.0: French Question Answering and knowing that you know nothing",
        "Paper_Link": "https://arxiv.org/pdf/2504.21677",
        "Tokenized": true,
        "Host": "other",
        "Access": "Free",
        "Cost": "",
        "Test_Split": false,
        "Tasks": [
            "question answering",
            "reading comprehension"
        ],
        "Venue_Title": "",
        "Venue_Type": "",
        "Venue_Name": "",
        "Authors": [
            "QuentinHeinrich",
            "GautierViaud",
            "WacimBelblidia"
        ],
        "Affiliations": [
            "IlluinTechnology"
        ],
        "Abstract": "",
        "Language": "fr"
    },
    "validation": {
        "precision": 0.431894532501174,
        "recall": 0.48778087448457863,
        "f1": 0.45813966786173843,
        "length": 0.9310344827586207
    },
    "cost": {
        "cost": 0,
        "input_tokens": 0,
        "output_tokens": 0
    },
    "config": {
        "model_name": "gemma-3-4b-it",
        "few_shot": 0,
        "link": "https://arxiv.org/pdf/2109.13209",
        "schema_name": "fr",
        "context": "all",
        "format": "pdf_plumber",
        "max_model_len": 8192,
        "max_output_len": 2048,
        "browse_web": false,
        "backend": "vllm"
    },
    "error": null
}