{
    "metadata": {
        "Name": "FQuAD2.0",
        "Volume": 80000.0,
        "Unit": "sentences",
        "License": "",
        "Link": "",
        "HF_Link": "",
        "Year": 2020,
        "Domain": [
            "news articles"
        ],
        "Form": "text",
        "Collection_Style": [
            "human annotation"
        ],
        "Description": "FQuAD2.0 is an extension of FQuAD1.1, adding 17,000 unanswerable questions annotated adversarially.",
        "Ethical_Risks": "Medium",
        "Provider": [],
        "Derived_From": [],
        "Paper_Title": "FQuAD2.0: French Question Answering and knowing that you know nothing",
        "Paper_Link": "",
        "Tokenized": true,
        "Host": "",
        "Access": "",
        "Cost": "",
        "Test_Split": true,
        "Tasks": [
            "question answering"
        ],
        "Venue_Title": "",
        "Venue_Type": "",
        "Venue_Name": "",
        "Authors": [
            "Quentin Heinrich",
            "Gautier Viaud",
            "Wacim Belblidia"
        ],
        "Affiliations": [
            "Illuin Technology"
        ],
        "Abstract": "FQuAD2.0 is an extension of FQuAD1.1, adding 17,000 unanswerable questions annotated adversarially, making it the first French adversarial Question Answering dataset with a grand total of almost 80,000 questions.",
        "Language": "fr"
    },
    "validation": {
        "precision": 0.47730245586311876,
        "recall": 0.5536708488012178,
        "f1": 0.5126581933344609,
        "length": 0.9655172413793104
    },
    "cost": {
        "cost": 0,
        "input_tokens": 0,
        "output_tokens": 0
    },
    "config": {
        "model_name": "NuExtract-2.0-4B",
        "few_shot": 0,
        "link": "https://arxiv.org/pdf/2109.13209",
        "schema_name": "fr",
        "context": "all",
        "format": "pdf_plumber",
        "max_model_len": 8912,
        "max_output_len": 2048,
        "browse_web": false,
        "backend": "vllm"
    },
    "error": null
}