{
    "metadata": {
        "Name": "FQuAD2.0",
        "Volume": 80000.0,
        "Unit": "sentences",
        "License": "unknown",
        "Link": "https://etiquette.illuin.tech/",
        "HF_Link": "",
        "Year": 2021,
        "Domain": [
            "wikipedia"
        ],
        "Form": "text",
        "Collection_Style": [
            "human annotation"
        ],
        "Description": "French adversarial Question Answering dataset extending FQuAD1.1 with 17k+ unanswerable questions.",
        "Ethical_Risks": "Low",
        "Provider": [
            "Illuin Technology"
        ],
        "Derived_From": [
            "FQuAD1.1"
        ],
        "Paper_Title": "FQuAD2.0: French Question Answering and knowing that you know nothing",
        "Paper_Link": "https://arxiv.org/pdf/2102.01041",
        "Tokenized": false,
        "Host": "other",
        "Access": "Free",
        "Cost": "",
        "Test_Split": true,
        "Tasks": [
            "question answering"
        ],
        "Venue_Title": "arXiv",
        "Venue_Type": "preprint",
        "Venue_Name": "",
        "Authors": [
            "Quentin Heinrich",
            "Gautier Viaud",
            "Wacim Belblidia"
        ],
        "Affiliations": [
            "Illuin Technology"
        ],
        "Abstract": "We introduce FQuAD2.0, a French Question Answering dataset extending FQuAD1.1 with 17,000+ adversarial unanswerable questions, totaling nearly 80,000 questions. It enables training French QA models to recognize unanswerable questions. Our best CamemBERT LARGE model achieves 82.3% F1 on detecting unanswerable questions and 83% F1 on reading comprehension.",
        "Language": "fr"
    },
    "validation": {
        "precision": 0.7986954886193267,
        "recall": 0.9101231304347825,
        "f1": 0.8507763553849039,
        "length": 0.9655172413793104
    },
    "cost": {
        "cost": 0.00321636,
        "input_tokens": 15529,
        "output_tokens": 402
    },
    "config": {
        "model_name": "moonshotai/kimi-k2",
        "few_shot": 0,
        "link": "https://arxiv.org/pdf/2109.13209",
        "schema_name": "fr",
        "context": "all",
        "format": "pdf_plumber",
        "max_model_len": null,
        "max_output_len": null,
        "browse_web": false,
        "backend": "openrouter"
    },
    "error": null
}