{
    "metadata": {
        "Name": "FQuAD2.0",
        "Volume": 170000.0,
        "Unit": "sentences",
        "License": "unknown",
        "Link": "",
        "HF_Link": "",
        "Year": 2020,
        "Domain": [
            "wikipedia"
        ],
        "Form": "text",
        "Collection_Style": [
            "manual curation"
        ],
        "Description": "French Question Answering and knowing that you know nothing",
        "Ethical_Risks": "Low",
        "Provider": [
            "Illuin Technology"
        ],
        "Derived_From": [
            "FQuAD1.1"
        ],
        "Paper_Title": "FQuAD2.0: French Question Answering and knowing that you know nothing",
        "Paper_Link": "",
        "Tokenized": false,
        "Host": "other",
        "Access": "Free",
        "Cost": "",
        "Test_Split": false,
        "Tasks": [
            "question answering"
        ],
        "Venue_Title": "",
        "Venue_Type": "preprint",
        "Venue_Name": "",
        "Authors": [
            "QuentinHeinrich",
            "GautierViaud",
            "WacimBelblidia"
        ],
        "Affiliations": [
            "IlluinTechnology",
            "Paris,France"
        ],
        "Abstract": "Question Answering, including Reading Comprehension, is one of the NLP research areas that has seen significant scientific breakthroughs over the past few years, thanks to the concomitant advances in Language Modeling. Most of these breakthroughs, however, are centered on the English language. In 2020, as a first strong initiative to bridge the gap to the French language, Illuin Technology introduced FQuAD1.1, a French Native Reading Comprehension dataset composed of 60,000+ questions and answers samples extracted from Wikipedia articles. Nonetheless, most of these tasks, including Question Answering models trained on this dataset have a major drawback: they are not able to predict when a given question has no answer in the paragraph of interest, therefore making unreliable predictions in various industrial use-cases. In the present work, we introduce FQuAD2.0, which extends FQuAD with 17,000+ unanswerable questions, annotated adversarially, in order to be similar to answerable ones. This new dataset, comprising a total of almost 80,000 questions, makes it possible to train French Question Answering models with the ability of distinguishing unanswerable questions from answerable ones. We benchmark several models with this dataset: our best model, a fine-tuned CamemBERT , achieves a F1 score of 82.3% on this classification task, and a F1 score of 83% on the Reading Comprehension task.",
        "Language": "fr"
    },
    "validation": {
        "precision": 0.624269149670661,
        "recall": 0.7241522136179668,
        "f1": 0.6705113089055249,
        "length": 0.9655172413793104
    },
    "cost": {
        "cost": 0,
        "input_tokens": 0,
        "output_tokens": 0
    },
    "config": {
        "model_name": "gemma-3-4b-it-sft-16384",
        "few_shot": 0,
        "link": "https://arxiv.org/pdf/2109.13209",
        "schema_name": "fr",
        "context": "all",
        "format": "pdf_plumber",
        "max_model_len": 16384,
        "max_output_len": 2048,
        "browse_web": false,
        "backend": "vllm"
    },
    "error": null
}