{
    "metadata": {
        "Name": "FQuAD2.0",
        "Volume": 80000.0,
        "Unit": "sentences",
        "License": "unknown",
        "Link": "",
        "HF_Link": "",
        "Year": 2020,
        "Domain": [
            "wikipedia"
        ],
        "Form": "text",
        "Collection_Style": [
            "crawling",
            "manual curation"
        ],
        "Description": "A French Native Reading Comprehension dataset composed of 60,000+ questions and answers samples extracted from Wikipedia articles.",
        "Ethical_Risks": "Low",
        "Provider": [
            "Illuin Technology"
        ],
        "Derived_From": [
            "FQuAD1.1"
        ],
        "Paper_Title": "FQuAD2.0: French Question Answering and knowing that you know nothing",
        "Paper_Link": "",
        "Tokenized": false,
        "Host": "other",
        "Access": "Free",
        "Cost": "",
        "Test_Split": true,
        "Tasks": [
            "question answering"
        ],
        "Venue_Title": "",
        "Venue_Type": "preprint",
        "Venue_Name": "",
        "Authors": [
            "QuentinHeinrich",
            "GautierViaud",
            "WacimBelblidia"
        ],
        "Affiliations": [
            "IlluinTechnology",
            "Paris,France"
        ],
        "Abstract": "Question Answering, including Reading Comprehension, is one of the NLP research areas that has seen significant scientific breakthroughs over the past few years, thanks to the concomitant advances in Language Modeling. Most of these breakthroughs, however, are centered on the English language. In 2020, as a first strong initiative to bridge the gap to the French language, Illuin Technology introduced FQuAD1.1, a French Native Reading Comprehension dataset composed of 60,000+ questions and answers samples extracted from Wikipedia articles. Nonetheless, most of these tasks, including Question Answering. Whilst most of these recent transformers models are English models, French language models have also been released, in particular BERT (Martin et al., 2019) and FlauBERT (Le et al., 2019), as well as multilingual models such as BERT (Pires et al., 2019) or XLM-RoBERTa (Conneau et al., 2019). These models fostered the state-of-the-art in NLP for French language, allowing to benefit from this large-scale transfer learning mechanism. However, native French resources for Question Answering remain scarce than English resources. Nonetheless, in 2020, FQuAD1.1 was introduced by Illuin Technology (du2019Hoffschmidt et al., 2020). With 60,000+ question-answer pairs, it enabled the development of QA models surpassing the human performance in the Reading Comprehension task.",
        "Language": "fr"
    },
    "validation": {
        "precision": 0.6655533930445126,
        "recall": 0.7720419359316345,
        "f1": 0.714853644381143,
        "length": 0.9655172413793104
    },
    "cost": {
        "cost": 0,
        "input_tokens": 0,
        "output_tokens": 0
    },
    "config": {
        "model_name": "gemma-3-4b-it-sft-8912",
        "few_shot": 0,
        "link": "https://arxiv.org/pdf/2109.13209",
        "schema_name": "fr",
        "context": "all",
        "format": "pdf_plumber",
        "max_model_len": 8192,
        "max_output_len": 2048,
        "browse_web": false,
        "backend": "vllm"
    },
    "error": null
}