{
    "metadata": {
        "Name": "MLQA",
        "Volume": 5852.0,
        "Unit": "sentences",
        "License": "unknown",
        "Link": "https://github.com/facebookresearch/mlqa",
        "HF_Link": "",
        "Year": 2020,
        "Domain": [
            "wikipedia"
        ],
        "Form": "text",
        "Collection_Style": [
            "crawling",
            "manual curation"
        ],
        "Description": "a multi-way aligned extrinsic QA evaluation benchmark",
        "Ethical_Risks": "Low",
        "Provider": [
            "FacebookAIResearch"
        ],
        "Derived_From": [
            "SQuAD",
            "TriviaQA",
            "NewsQA"
        ],
        "Paper_Title": "MLQA: Evaluating Cross-lingual Extractive Question Answering",
        "Paper_Link": "https://arxiv.org/pdf/2504.21677",
        "Tokenized": false,
        "Host": "GitHub",
        "Access": "Free",
        "Cost": "",
        "Test_Split": true,
        "Tasks": [
            "question answering"
        ],
        "Venue_Title": "",
        "Venue_Type": "preprint",
        "Venue_Name": "",
        "Authors": [
            "Patrick Lewis",
            "Barlas Ogu00b4uz",
            "Ruty Rinott",
            "Sebastian Riedel",
            "Holger Schwenk"
        ],
        "Affiliations": [
            "FacebookAIResearch",
            "University College London"
        ],
        "Abstract": "Question answering (QA) models have shown rapid progress enabled by the availability of large, high-quality benchmark datasets. Such annotated datasets are difficult and costly to collect, and rarely exist in languages other than English, making building QA systems that work well in other languages challenging. In order to develop such systems, it is crucial to invest in high quality multilingual evaluation benchmarks to measure progress. We present MLQA, a multi-way aligned extrinsic QA evaluation benchmark intended to spur research in this area. MLQA contains QA instances in 7 languages, English, Arabic, German, Simplified Chinese, Spanish, Hindi, and Vietnamese. MLQA has over 12K instances in English and 5K in each other language, with each instance parallel between 4 languages on average. We evaluate state-of-the-art cross-lingual models and machine-translation-based baselines on MLQA. In all cases, transfer results are significantly behind training-language performance.",
        "Subsets": [],
        "Language": [
            "English",
            "Arabic",
            "German",
            "Vietnamese",
            "Spanish",
            "Hindi"
        ]
    },
    "validation": {
        "precision": 0.6245053181888973,
        "recall": 0.6691128409166758,
        "f1": 0.6460399843333421,
        "length": 0.9666666666666667
    },
    "cost": {
        "cost": 0,
        "input_tokens": 0,
        "output_tokens": 0
    },
    "config": {
        "model_name": "gemma-3-4b-it-sft-16384v2",
        "few_shot": 0,
        "link": "https://arxiv.org/pdf/1910.07475",
        "schema_name": "multi",
        "context": "all",
        "format": "pdf_plumber",
        "max_model_len": 16384,
        "max_output_len": 2048,
        "browse_web": false,
        "backend": "vllm"
    },
    "error": null
}