{
    "metadata": {
        "Name": "MLQA",
        "Volume": 12000.0,
        "Unit": "sentences",
        "License": "",
        "Link": "https://github.com/facebookresearch/mlqa",
        "HF_Link": "",
        "Year": 2025,
        "Domain": [
            "public datasets"
        ],
        "Form": "text",
        "Collection_Style": [
            "crawling"
        ],
        "Description": "MLQA is a multi-way aligned extractive QA evaluation benchmark intended to spur research in this area.",
        "Ethical_Risks": "Low",
        "Provider": [
            "FacebookAI Research"
        ],
        "Derived_From": [],
        "Paper_Title": "MLQA: Evaluating Cross-lingual Extractive Question Answering",
        "Paper_Link": "",
        "Tokenized": false,
        "Host": "GitHub",
        "Access": "Free",
        "Cost": "",
        "Test_Split": true,
        "Tasks": [
            "cross-lingual information retrieval"
        ],
        "Venue_Title": "ACL",
        "Venue_Type": "conference",
        "Venue_Name": "Association of Computational Linguistics",
        "Authors": [
            "Patrick Lewis",
            "Barlas Oguz",
            "Ruty Rinott",
            "Sebastian Riedel",
            "Holger Schwenk"
        ],
        "Affiliations": [
            "Facebook AI Research",
            "University College London"
        ],
        "Abstract": "Question answering (QA) models have shown rapid progress enabled by the availability of large, high-quality benchmark datasets. Such annotated datasets are difficult and costly to collect, and rarely exist in languages other than English, making building QA systems challenging. In order to develop such systems, it is crucial to invest in high quality multilingual evaluation benchmarks to measure progress. We present MLQA, a multi-way aligned extractive QA evaluation benchmark intended to spur research in this area.",
        "Subsets": [
            {
                "Name": "English",
                "Volume": 12000,
                "Unit": "sentences",
                "Language": [
                    "English"
                ]
            },
            {
                "Name": "Arabic",
                "Volume": 5000,
                "Unit": "sentences",
                "Language": [
                    "Arabic"
                ]
            },
            {
                "Name": "German",
                "Volume": 5000,
                "Unit": "sentences",
                "Language": [
                    "German"
                ]
            },
            {
                "Name": "Spanish",
                "Volume": 5000,
                "Unit": "sentences",
                "Language": [
                    "Spanish"
                ]
            },
            {
                "Name": "Hindi",
                "Volume": 5000,
                "Unit": "sentences",
                "Language": [
                    "Hindi"
                ]
            },
            {
                "Name": "Simplified Chinese",
                "Volume": 5000,
                "Unit": "sentences",
                "Language": [
                    "Chinese"
                ]
            }
        ],
        "Language": [
            "English",
            "Arabic",
            "German",
            "Spanish",
            "Hindi",
            "Chinese"
        ]
    },
    "validation": {
        "precision": 0.49978373716751445,
        "recall": 0.5354825755366226,
        "f1": 0.517017659138808,
        "length": 0.9666666666666667
    },
    "cost": {
        "cost": 0,
        "input_tokens": 0,
        "output_tokens": 0
    },
    "config": {
        "model_name": "NuExtract-2.0-8B",
        "few_shot": 0,
        "link": "https://arxiv.org/pdf/1910.07475",
        "schema_name": "multi",
        "context": "all",
        "format": "pdf_plumber",
        "max_model_len": 8912,
        "max_output_len": 2048,
        "browse_web": false,
        "backend": "vllm"
    },
    "error": null
}