{
    "metadata": {
        "Name": "Russian Jeopardy!",
        "Volume": 29375.0,
        "Unit": "sentences",
        "License": "custom",
        "Link": "https://github.com/evrog/Russian-QA-Jeopardy",
        "HF_Link": "",
        "Year": 2021,
        "Domain": [
            "public datasets"
        ],
        "Form": "text",
        "Collection_Style": [
            "manual curation",
            "human annotation"
        ],
        "Description": "A dataset of 29,375 Jeopardy!-like Russian QA questions from the ChGK database for open-domain question answering.",
        "Ethical_Risks": "Low",
        "Provider": [
            "Tyumen State University"
        ],
        "Derived_From": [
            "ChGK"
        ],
        "Paper_Title": "Russian Jeopardy! Data Set for Question-Answering Systems",
        "Paper_Link": "https://arxiv.org/pdf/2112.03525",
        "Tokenized": false,
        "Host": "GitHub",
        "Access": "Free",
        "Cost": "",
        "Test_Split": false,
        "Tasks": [
            "question answering"
        ],
        "Venue_Title": "arXiv",
        "Venue_Type": "preprint",
        "Venue_Name": "arXiv",
        "Authors": [
            "Elena Mikhalkova",
            "Alexander Khlyupin"
        ],
        "Affiliations": [
            "Tyumen State University"
        ],
        "Abstract": "Question answering (QA) is one of the most common NLP tasks that relates to named entity recognition, fact extraction, semantic search and some other fields. In industry, it is much valued in chat-bots and corporate information systems. It is also a challenging task that attracted the attention of a very general audience at the quiz show Jeopardy! In this article we describe a Jeopardy!-like Russian QA dataset collected from the official Russian quiz database Chgk che-ge-\u2018ka:. The data set includes 379,284 quiz-like questions with 29,375 from the Russian analogue of Jeopardy! \u2013\u201cOwn Game\u201d. We observe its linguistic features and the related QA-task. We conclude about perspectives of a QA challenge based on the collected dataset.",
        "Language": "ru"
    },
    "validation": {
        "precision": 0.8029507317413892,
        "recall": 0.7959132578750101,
        "f1": 0.7994165069246957,
        "length": 0.9655172413793104
    },
    "cost": {
        "cost": 0.07158525,
        "input_tokens": 12154,
        "output_tokens": 471
    },
    "config": {
        "model_name": "x-ai/grok-4",
        "few_shot": 0,
        "link": "https://arxiv.org/pdf/2112.02325",
        "schema_name": "ru",
        "context": "all",
        "format": "pdf_plumber",
        "max_model_len": null,
        "max_output_len": null,
        "browse_web": false,
        "backend": "openrouter"
    },
    "error": null
}