{
    "metadata": {
        "Name": "",
        "Volume": 0.0,
        "Unit": "",
        "License": "",
        "Link": "",
        "HF_Link": "",
        "Year": 2025,
        "Domain": [],
        "Form": "",
        "Collection_Style": [],
        "Description": "",
        "Ethical_Risks": "",
        "Provider": [],
        "Derived_From": [],
        "Paper_Title": "",
        "Paper_Link": "",
        "Tokenized": false,
        "Host": "",
        "Access": "",
        "Cost": "",
        "Test_Split": false,
        "Tasks": [],
        "Venue_Title": "",
        "Venue_Type": "",
        "Venue_Name": "",
        "Authors": [],
        "Affiliations": [],
        "Abstract": "",
        "Language": ""
    },
    "validation": {
        "precision": 0.2068795232013623,
        "recall": 0.17855379188712522,
        "f1": 0.19167581983889107,
        "length": 0.8620689655172413
    },
    "cost": {
        "cost": 0,
        "input_tokens": 0,
        "output_tokens": 0
    },
    "config": {
        "model_name": "gemma-3-4b-it",
        "few_shot": 0,
        "link": "https://arxiv.org/pdf/2112.02325",
        "schema_name": "ru",
        "context": "all",
        "format": "pdf_plumber",
        "max_model_len": 8192,
        "max_output_len": 2048,
        "browse_web": false,
        "backend": "vllm"
    },
    "error": "Expecting ',' delimiter: line 47 column 132 (char 1117)"
}