{
    "metadata": {
        "Name": "Russian Jeopardy! Data Set for Question-Answering Systems",
        "Volume": 0.0,
        "Unit": "",
        "License": "",
        "Link": "",
        "HF_Link": "",
        "Year": 2025,
        "Domain": [
            "other"
        ],
        "Form": "text",
        "Collection_Style": [],
        "Description": "This dataset consists of nearly 400,000 questions and answers from the Russian Jeopardy! game, including both open-domain and Jeopardy!-like questions.",
        "Ethical_Risks": "",
        "Provider": [],
        "Derived_From": [],
        "Paper_Title": "Russian Jeopardy! Data Set for Question-Answering Systems",
        "Paper_Link": "",
        "Tokenized": false,
        "Host": "",
        "Access": "",
        "Cost": "",
        "Test_Split": false,
        "Tasks": [],
        "Venue_Title": "",
        "Venue_Type": "",
        "Venue_Name": "",
        "Authors": [
            "ElenaMikhalkova",
            "AlexanderKhlyupin"
        ],
        "Affiliations": [
            "TyumenStateUniversity"
        ],
        "Abstract": "Question answering (QA) is one of the most common NLP tasks that relates to named entity recognition, fact extraction, semantic search and some other fields. In industry, it is much valued in chat-bots and corporate information systems. It is also a challenging task that attracted the attention of a very general audience at the quiz show Jeopardy! In this article we describe a Jeopardy!-like Russian QAdatasetcollectedfromtheofficialRussianquizdatabaseChgkche-ge-\u2018ka:. Thedata setincludes379,284quiz-likequestionswith29,375fromtheRussiananalogueofJeopardy! \u2013\u201cOwnGame\u201d. Weobserve itslinguisticfeaturesandtherelatedQA-task.WeconcludeaboutperspectivesofaQAchallengebasedonthecollecteddataset.",
        "Language": "ru"
    },
    "validation": {
        "precision": 0.36098929664200485,
        "recall": 0.33816748580779077,
        "f1": 0.3492059175088254,
        "length": 0.8620689655172413
    },
    "cost": {
        "cost": 0,
        "input_tokens": 0,
        "output_tokens": 0
    },
    "config": {
        "model_name": "NuExtract-2.0-4B",
        "few_shot": 0,
        "link": "https://arxiv.org/pdf/2112.02325",
        "schema_name": "ru",
        "context": "all",
        "format": "pdf_plumber",
        "max_model_len": 8912,
        "max_output_len": 2048,
        "browse_web": false,
        "backend": "vllm"
    },
    "error": null
}