{
    "metadata": {
        "Name": "ChGK",
        "Volume": 379284.0,
        "Unit": "sentences",
        "License": "unknown",
        "Link": "https://db.chgk.info/",
        "HF_Link": "",
        "Year": 2021,
        "Domain": [
            "wikipedia",
            "other"
        ],
        "Form": "text",
        "Collection_Style": [
            "crawling",
            "manual curation"
        ],
        "Description": "Russian Jeopardy! data set collected from the official Russian quiz database Chgk che-ge-u201da:.",
        "Ethical_Risks": "Low",
        "Provider": [
            "Tyumen State University"
        ],
        "Derived_From": [],
        "Paper_Title": "Russian Jeopardy! Data Set for Question-Answering Systems",
        "Paper_Link": "",
        "Tokenized": false,
        "Host": "other",
        "Access": "Free",
        "Cost": "",
        "Test_Split": false,
        "Tasks": [
            "question answering"
        ],
        "Venue_Title": "",
        "Venue_Type": "preprint",
        "Venue_Name": "",
        "Authors": [
            "Elena Mikhalkova",
            "Alexander Khlyupin"
        ],
        "Affiliations": [
            "Tyumen State University"
        ],
        "Abstract": "Question answering (QA) is one of the most common NLP tasks that relates to named entity recognition, fact extraction, semantic search and some other fields. In industry, it is much valued in chat-bots and corporate information systems. It is also a challenging task that attracted the attention of a very general audience at the quiz show Jeopardy! In this article we describe a Jeopardyu2013like Russian QA dataset collected from the official Russian quiz database Chgk che-ge-u201da:. The data set includes 379,284 quiz-like questions with 29,375 from the Russian analogue of Jeopardy!u2013u201cOwnGameu201d. We observe its linguistic features and the related QA-task. We conclude about perspectives of a QA challenge based on the collected dataset.",
        "Language": "ru"
    },
    "validation": {
        "precision": 0.6697945940353288,
        "recall": 0.6580015438223049,
        "f1": 0.6638456979249551,
        "length": 0.9655172413793104
    },
    "cost": {
        "cost": 0,
        "input_tokens": 0,
        "output_tokens": 0
    },
    "config": {
        "model_name": "gemma-3-4b-it-sft-16384",
        "few_shot": 0,
        "link": "https://arxiv.org/pdf/2112.02325",
        "schema_name": "ru",
        "context": "all",
        "format": "pdf_plumber",
        "max_model_len": 16384,
        "max_output_len": 2048,
        "browse_web": false,
        "backend": "vllm"
    },
    "error": null
}