{
    "metadata": {
        "Name": "Russian Jeopardy! Data Set",
        "Volume": 379284.0,
        "Unit": "sentences",
        "License": "",
        "Link": "https://db.chgk.info/",
        "HF_Link": "",
        "Year": 2025,
        "Domain": [
            "public datasets"
        ],
        "Form": "text",
        "Collection_Style": [
            "human annotation"
        ],
        "Description": "The Russian Jeopardy! dataset includes nearly 400,000 questions and answers collected from the official Russian quiz database ChGK che-ge-\u2018ka'.",
        "Ethical_Risks": "Low",
        "Provider": [],
        "Derived_From": [],
        "Paper_Title": "Russian Jeopardy! Data Set for Question-Answering Systems",
        "Paper_Link": "",
        "Tokenized": false,
        "Host": "other",
        "Access": "Free",
        "Cost": "",
        "Test_Split": false,
        "Tasks": [
            "question answering"
        ],
        "Venue_Title": "",
        "Venue_Type": "",
        "Venue_Name": "",
        "Authors": [
            "ElenaMikhalkova",
            "AlexanderKhlyupin"
        ],
        "Affiliations": [
            "TyumenStateUniversity"
        ],
        "Abstract": "Question answering (QA) is one of the most common NLP tasks that relates to named entity recognition, fact extraction, semantic search and some other fields. In industry, it is much valued in chat-bots and corporate information systems. It is also a challenging task that attracted the attention of a very general audience at the quiz show Jeopardy! In this article we describe a Jeopardy!-like Russian QAdataset collected from the official Russian quiz database Chgkche-ge-\u2018ka:. The data set includes 379,284 quiz-like questions with 29,375 from the Russian analogue of Jeopardy! \u2013 \u201cOwnGame\u201d. We observe its linguistic features and the related QA task. We conclude about perspectives of a QA challenge based on the collected dataset.",
        "Language": "ru"
    },
    "validation": {
        "precision": 0.5299573542866182,
        "recall": 0.5131701169397117,
        "f1": 0.5214286556035234,
        "length": 0.9655172413793104
    },
    "cost": {
        "cost": 0,
        "input_tokens": 0,
        "output_tokens": 0
    },
    "config": {
        "model_name": "NuExtract-2.0-8B",
        "few_shot": 0,
        "link": "https://arxiv.org/pdf/2112.02325",
        "schema_name": "ru",
        "context": "all",
        "format": "pdf_plumber",
        "max_model_len": 8912,
        "max_output_len": 2048,
        "browse_web": false,
        "backend": "vllm"
    },
    "error": null
}