{
    "metadata": {
        "Name": "P r",
        "Volume": -0.85,
        "Unit": "documents",
        "License": "CC BY-NC 1.0",
        "Link": "https://www.Y.com",
        "HF_Link": "https://www.Y.com",
        "Year": 1951,
        "Domain": [
            "reviews",
            "social media",
            "web pages",
            "wikipedia",
            "LLM",
            "TV Channels",
            "captions"
        ],
        "Form": "videos",
        "Collection_Style": [
            "LLM generated",
            "manual curation",
            "human annotation",
            "crawling",
            "machine annotation",
            "other"
        ],
        "Description": "Q E a b A B N",
        "Ethical_Risks": "High",
        "Provider": [],
        "Derived_From": [],
        "Paper_Title": "c P V S o E U U S T L W V S s f g H d P Y J V P R h l j A p A b v w W P l s V m z r C o p b",
        "Paper_Link": "https://www.f.com",
        "Tokenized": false,
        "Host": "Mozilla",
        "Access": "With-Fee",
        "Cost": "w",
        "Test_Split": true,
        "Tasks": [
            "speaker identification",
            "semantic parsing",
            "summarization"
        ],
        "Venue_Title": "o",
        "Venue_Type": "conference",
        "Venue_Name": "r x H q M R r u s",
        "Authors": [],
        "Affiliations": [],
        "Abstract": "n R y X I G N r T S O K a a R l G h j z r F s y p L b b A l I A g v Q u I h j F k G R B a N o v o i H M c t M R Y a f b d X l e o G V T U N P l y h r w J H x q L J A a U E j t g b O v y J v x u v L b l H H T d d d X e j h m I q J L W n G A f g m q j y k z I P t a Y s X o Q f a j D i s o c R L V x A c e C l g E b I i g t R P G C r m c T Q M p y N T X s v N j k l V S Q f U X b Z k n q y M o Q u a N z N c u E V A W D y q N O b r q l C r i N h r U O s w t K Y O a c t X E t R A M C m J k g F a y n u v w e B n V e S G s B C D T D d M e O z i q J R G O j E h V Y a J e j K n c R g g T Y L p G E Q G H e D L f h k m N f x k F D H Z u v e B d u T X G J M b U L T C E N e J D E r t V D p a g a n C q D C m K y y z Z Q m r l r u k B R G E v b a B I I D x Q S O b D N p n C P B w T R L K H G k f m Y h O m v D v U X v y E w Y G F j e c n j p E K W K G p S Q N M M P D n o X i x c C z o b p D O b f x P P L q X F c o z c U v B b n s E A J j B u F L r s D Q G M L E G h G L d a L S b D K U t u E I b y p a O u D K b g T u a Z Q r e C o e D b O D m w c c n t v H O p l y z I u e M d L c R l f O h n U S s a m w y I x t g F O r v N Q N i r Y Y S J e v I P G O b m Q e D S y F X U a g I o d o Y Q D U E e v z t L o f i p E K a C P B w X W W G g x W M C S p H K L F u v r n G J s D r k Y N K a J t A W m h K B e u U u T z T K N o U Z V Q R f M Y D j t L F i C d N b Q p Z V Z E C N e P S A u u M B l R s b H A J B G t b m p B y v f v p R O a P O v B H d O U T a x m Q a i B N F m k p H y Y j A C M Z S x s q J e p T n u z P F v t D d O P F g n L o V I T f d x O k y s O z W O b o K U c A u a r s u O o U Z z P E j G a U n i Z O D X T O i P f o o S L k g E J l W n R x q S Y y C p G n I V B U O d T M y y O r p D a v c h O G k T C n z s G Z I v D C J K C y E n v g w H x C S E a O p u Y R q m u l N d a w a H K c W o Z U w t C H g a X v k P s O W D A M c U l k q D z Q K z n U p D K B M e",
        "Language": "ru"
    },
    "validation": {
        "precision": 0.24665831421587064,
        "recall": 0.25546753972358033,
        "f1": 0.2509856530617631,
        "length": 0.9655172413793104
    },
    "cost": {
        "cost": 0,
        "input_tokens": 0,
        "output_tokens": 0
    },
    "config": {
        "model_name": "baseline-random",
        "few_shot": 0,
        "link": "https://arxiv.org/pdf/2112.02325",
        "schema_name": "ru",
        "context": "all",
        "format": "pdf_plumber",
        "max_model_len": null,
        "max_output_len": null,
        "browse_web": false,
        "backend": "openrouter"
    },
    "error": null
}