{
    "metadata": {
        "Name": "Russian Jeopardy! Data Set for Question-Answering Systems",
        "Volume": 400.0,
        "Unit": "tokens",
        "License": "CC BY 3.0",
        "Link": "https://db.chgk.info/",
        "HF_Link": "https://db.chgk.info/tour",
        "Year": 2022,
        "Domain": [
            "social media",
            "news articles",
            "public datasets"
        ],
        "Form": "text",
        "Collection_Style": [
            "crawling"
        ],
        "Description": "A part of our downloaded ChGK database illustrating metadata about questions.",
        "Ethical_Risks": "Low",
        "Provider": [
            "data.world"
        ],
        "Derived_From": [
            "ChGK",
            "TREC:RuBQ"
        ],
        "Paper_Title": "Russian Jeopardy! Data Set for Question-Answering Systems",
        "Paper_Link": "https://en.wikipedia.org/wiki/What%",
        "Tokenized": true,
        "Host": "['data.world']",
        "Access": "Free",
        "Cost": "Free",
        "Test_Split": false,
        "Tasks": [
            "question answering"
        ],
        "Venue_Title": "",
        "Venue_Type": "conference",
        "Venue_Name": "",
        "Authors": [
            "ElenaMikhalkova",
            "AlexanderKhlyupin"
        ],
        "Affiliations": [
            "TyumenStateUniversity"
        ],
        "Abstract": "Question answering (QA) is one of the most common NLP tasks that relates to named entity recognition, fact extraction, semantic search and some other fields. In industry, it is much valued in chat-bots and corporate information systems. It is also a challenging task that attracted the attention of a very general audience at the quiz show Jeopardy! In this article we describe a Jeopardy!-like Russian QAdataset collected from the official Russian quiz database Chgkche-ge-\u2018ka: Thedata set includes 379,284 quiz-like questions with 29,375 from the Russian analogue of Jeopardy! \u2013\u201cOwnGame\u201d. We observe its linguistic features and the related QA-task. We conclude about perspectives of a QA challenge based on the collected dataset.",
        "Language": "ru"
    },
    "validation": {
        "precision": 0.40512199669945337,
        "recall": 0.41959063943871955,
        "f1": 0.41222940015032095,
        "length": 0.9310344827586207
    },
    "cost": {
        "cost": 0,
        "input_tokens": 0,
        "output_tokens": 0
    },
    "config": {
        "model_name": "NuExtract-2.0-2B",
        "few_shot": 0,
        "link": "https://arxiv.org/pdf/2112.02325",
        "schema_name": "ru",
        "context": "all",
        "format": "pdf_plumber",
        "max_model_len": 8912,
        "max_output_len": 2048,
        "browse_web": false,
        "backend": "vllm"
    },
    "error": null
}