{
    "metadata": {
        "Name": "ChGK",
        "Volume": 1000000.0,
        "Unit": "sentences",
        "License": "unknown",
        "Link": "https://db.chgk.info/",
        "HF_Link": "",
        "Year": 2020,
        "Domain": [
            "news articles",
            "wikipedia"
        ],
        "Form": "text",
        "Collection_Style": [
            "crawling",
            "manual curation"
        ],
        "Description": "Russian Jeopardy! data set collected from the official Russian quiz database Chgkche-ge- u2019ka:",
        "Ethical_Risks": "Low",
        "Provider": [
            "Tyumen State University"
        ],
        "Derived_From": [],
        "Paper_Title": "Russian Jeopardy! Data Set for Question-Answering Systems",
        "Paper_Link": "",
        "Tokenized": false,
        "Host": "other",
        "Access": "Free",
        "Cost": "",
        "Test_Split": true,
        "Tasks": [
            "question answering"
        ],
        "Venue_Title": "",
        "Venue_Type": "preprint",
        "Venue_Name": "",
        "Authors": [
            "Elena Mikhailkova",
            "Alexander Khlyupin"
        ],
        "Affiliations": [
            "Tyumen State University"
        ],
        "Abstract": "Question answering (QA) is one of the most common NLP tasks that relates to named entity recognition, fact extraction, semantic search and some other fields. In industry, it is much valued in chat-bots and corporate information systems. It is also a challenging task that attracted the attention of a very general audience at the quiz show Jeopardy! In this article we describe a Jeopardyu2019-like Russian QA data set collected from the official Russian quiz database Chgkche-geu2019ka:.",
        "Language": "ru"
    },
    "validation": {
        "precision": 0.6753413682301774,
        "recall": 0.6637464170955408,
        "f1": 0.6694936932310936,
        "length": 0.9655172413793104
    },
    "cost": {
        "cost": 0,
        "input_tokens": 0,
        "output_tokens": 0
    },
    "config": {
        "model_name": "gemma-3-4b-it-sft-8192v2",
        "few_shot": 0,
        "link": "https://arxiv.org/pdf/2112.02325",
        "schema_name": "ru",
        "context": "all",
        "format": "pdf_plumber",
        "max_model_len": 8192,
        "max_output_len": 2048,
        "browse_web": false,
        "backend": "vllm"
    },
    "error": null
}